,Date,High,Low,Open,Close,Volume,Adj Close,Ticker,Security,Sector,1_Day_Close_Change,1_Week_Close_Change,1_Month_Close_Change,1_Day_Volume_Change,1_Week_Volume_Change,1_Month_Volume_Change,Day_Class,Month_Class,Week_Class
0,2018-01-16,3.240000009536743,3.140000104904175,3.220000028610229,3.2000000476837163,5825200,3.2000000476837163,GNW,Genworth Financial,financials,0.0,0.0,0.0,0.0,0.0,0.0,1,1,1
1,2018-01-17,3.2100000381469727,3.140000104904175,3.190000057220459,3.1700000762939453,6890700,3.1700000762939453,GNW,Genworth Financial,financials,-0.009374990919605142,0.0,0.0,0.182912174689281,0.0,0.0,0,1,1
2,2018-01-18,3.2300000190734863,3.1600000858306885,3.1700000762939453,3.1800000667572017,3496800,3.1800000667572017,GNW,Genworth Financial,financials,0.0031545710481331035,0.0,0.0,-0.49253341460229005,0.0,0.0,1,1,1
3,2018-01-19,3.3499999046325684,3.1800000667572017,3.1800000667572017,3.3399999141693115,6431200,3.3399999141693115,GNW,Genworth Financial,financials,0.05031441636894973,0.0,0.0,0.8391672386181652,0.0,0.0,1,1,1
4,2018-01-20,3.3499999046325684,3.2799999713897705,3.3299999237060547,3.3199999332427983,2770900,3.3199999332427983,GNW,Genworth Financial,financials,-0.005988018395350014,0.0,0.0,-0.5691472820002488,0.0,0.0,0,1,1
5,2018-01-21,3.3499999046325684,3.2799999713897705,3.3299999237060547,3.3199999332427983,2770900,3.3199999332427983,GNW,Genworth Financial,financials,0.0,0.0,0.0,0.0,0.0,0.0,1,1,1
6,2018-01-22,3.3499999046325684,3.2799999713897705,3.3299999237060547,3.3199999332427983,2770900,3.3199999332427983,GNW,Genworth Financial,financials,0.0,0.0,0.0,0.0,0.0,0.0,1,1,1
7,2018-01-23,3.400000095367432,3.289999961853028,3.3199999332427983,3.359999895095825,3231000,3.359999895095825,GNW,Genworth Financial,financials,0.012048181523292012,0.04999995157122661,0.0,0.1660471327005666,-0.4453409325001717,0.0,1,1,1
8,2018-01-24,3.380000114440918,3.259999990463257,3.380000114440918,3.2799999713897705,2764000,3.2799999713897705,GNW,Genworth Financial,financials,-0.023809501846360326,0.03470028152946503,0.0,-0.14453729495512224,-0.598879649382501,0.0,0,1,1
9,2018-01-25,3.309999942779541,3.190000057220459,3.309999942779541,3.190000057220459,3165800,3.190000057220459,GNW,Genworth Financial,financials,-0.02743899846169129,0.003144651023059497,0.0,0.145369030390738,-0.09465797300388923,0.0,0,1,1
10,2018-01-26,3.220000028610229,3.150000095367432,3.2100000381469727,3.1600000858306885,2922000,3.1600000858306885,GNW,Genworth Financial,financials,-0.009404379577318989,-0.05389216555815113,0.0,-0.07701055025585946,-0.5456524443338724,0.0,0,1,0
11,2018-01-27,3.190000057220459,3.119999885559082,3.150000095367432,3.140000104904175,2740000,3.140000104904175,GNW,Genworth Financial,financials,-0.006329107716228521,-0.054216816854815164,0.0,-0.06228610540725532,-0.011151611389801142,0.0,0,1,0
12,2018-01-28,3.190000057220459,3.119999885559082,3.150000095367432,3.140000104904175,2740000,3.140000104904175,GNW,Genworth Financial,financials,0.0,-0.054216816854815164,0.0,0.0,-0.011151611389801142,0.0,1,1,0
13,2018-01-29,3.190000057220459,3.119999885559082,3.150000095367432,3.140000104904175,2740000,3.140000104904175,GNW,Genworth Financial,financials,0.0,-0.054216816854815164,0.0,0.0,-0.011151611389801142,0.0,1,1,0
14,2018-01-30,3.150000095367432,3.0899999141693115,3.130000114440918,3.119999885559082,1951100,3.119999885559082,GNW,Genworth Financial,financials,-0.00636949639391915,-0.07142857649699375,0.0,-0.2879197080291971,-0.396131228721758,0.0,0,1,0
15,2018-01-31,3.119999885559082,3.039999961853028,3.119999885559082,3.059999942779541,3381700,3.059999942779541,GNW,Genworth Financial,financials,-0.01923075159625831,-0.06707318003939289,0.0,0.7332274101788734,0.2234804630969609,0.0,0,1,0
16,2018-02-01,3.190000057220459,3.0799999237060547,3.0999999046325684,3.0899999141693115,2552600,3.0899999141693115,GNW,Genworth Financial,financials,0.00980391240220757,-0.03134800666376181,0.0,-0.24517254635242625,-0.19369511655821592,0.0,1,1,0
17,2018-02-02,3.0999999046325684,3.0,3.0899999141693115,3.0299999713897705,3591300,3.0299999713897705,GNW,Genworth Financial,financials,-0.019417457749564604,-0.04113927560440056,0.0,0.40691843610436407,0.22905544147843937,0.0,0,1,0
18,2018-02-03,3.0699999332427983,2.859999895095825,3.009999990463257,2.880000114440918,5369300,2.880000114440918,GNW,Genworth Financial,financials,-0.04950490375089078,-0.0828025419671734,0.0,0.4950853451396431,0.9595985401459854,0.0,0,1,0
19,2018-02-04,3.0699999332427983,2.859999895095825,3.009999990463257,2.880000114440918,5369300,2.880000114440918,GNW,Genworth Financial,financials,0.0,-0.0828025419671734,0.0,0.0,0.9595985401459854,0.0,1,1,0
20,2018-02-05,3.0699999332427983,2.859999895095825,3.009999990463257,2.880000114440918,5369300,2.880000114440918,GNW,Genworth Financial,financials,0.0,-0.0828025419671734,0.0,0.0,0.9595985401459854,0.0,1,1,0
21,2018-02-06,2.8499999046325684,2.75,2.8199999332427983,2.75,8855700,2.75,GNW,Genworth Financial,financials,-0.04513892683165899,-0.11858971125980688,0.0,0.6493211405583597,3.5388242529854956,0.0,0,1,0
22,2018-02-07,3.2100000381469727,2.9100000858306885,3.0999999046325684,2.9600000381469727,10324900,2.9600000381469727,GNW,Genworth Financial,financials,0.0763636502352627,-0.0326797080073582,0.0,0.16590444572422292,2.0531685247065083,0.0,1,1,0
23,2018-02-08,2.990000009536743,2.7799999713897705,2.940000057220459,2.7799999713897705,4421700,2.7799999713897705,GNW,Genworth Financial,financials,-0.060810832580220575,-0.10032360886420244,0.0,-0.5717440362618524,0.7322338008305258,0.0,0,1,0
24,2018-02-09,2.859999895095825,2.75,2.8399999141693115,2.759999990463257,6679700,2.759999990463257,GNW,Genworth Financial,financials,-0.007194237817389371,-0.08910890543760397,0.0,0.5106633195377344,0.8599671428173641,0.0,0,1,0
25,2018-02-10,2.900000095367432,2.7699999809265137,2.7699999809265137,2.789999961853028,3841300,2.789999961853028,GNW,Genworth Financial,financials,0.010869554888924382,-0.03125005174014084,0.0,-0.4249292632902675,-0.2845808578399419,0.0,1,1,0
26,2018-02-11,2.900000095367432,2.7699999809265137,2.7699999809265137,2.789999961853028,3841300,2.789999961853028,GNW,Genworth Financial,financials,0.0,-0.03125005174014084,0.0,0.0,-0.2845808578399419,0.0,1,1,0
27,2018-02-12,2.900000095367432,2.7699999809265137,2.7699999809265137,2.789999961853028,3841300,2.789999961853028,GNW,Genworth Financial,financials,0.0,-0.03125005174014084,0.0,0.0,-0.2845808578399419,0.0,1,1,0
28,2018-02-13,2.809999942779541,2.7100000381469727,2.7699999809265137,2.740000009536743,5631300,2.740000009536743,GNW,Genworth Financial,financials,-0.01792113010749874,-0.0036363601684570312,0.0,0.46598807695311484,-0.36410447508384436,0.0,0,1,0
29,2018-02-14,2.890000104904175,2.720000028610229,2.720000028610229,2.869999885559082,7149600,2.869999885559082,GNW,Genworth Financial,financials,0.04744521006199487,-0.03040545656351845,0.0,0.269618027808854,-0.3075380875359568,0.0,1,1,0
30,2018-02-15,2.9500000476837163,2.8399999141693115,2.9100000858306885,2.9100000858306885,3793100,2.9100000858306885,GNW,Genworth Financial,financials,0.013937352566762984,0.046762631575110625,-0.0906249867286536,-0.4694668233187871,-0.1421625166791053,-0.3488463915402046,1,0,1
31,2018-02-16,3.0,2.880000114440918,2.9200000762939453,2.970000028610229,3883800,2.970000028610229,GNW,Genworth Financial,financials,0.02061853642949729,0.07608697060601233,-0.06309149617357002,0.02391183991985457,-0.41856670209739955,-0.43637076059036095,1,0,1
32,2018-02-17,2.990000009536743,2.9200000762939453,2.940000057220459,2.9500000476837163,2973500,2.9500000476837163,GNW,Genworth Financial,financials,-0.0067340002470880345,0.057347701798684536,-0.07232704850475913,-0.23438385086770686,-0.22591310233514694,-0.1496511095859071,0,0,1
33,2018-02-18,2.990000009536743,2.9200000762939453,2.940000057220459,2.9500000476837163,2973500,2.9500000476837163,GNW,Genworth Financial,financials,0.0,0.057347701798684536,-0.11676643009213727,0.0,-0.22591310233514694,-0.537644607538251,1,0,1
34,2018-02-19,2.990000009536743,2.9200000762939453,2.940000057220459,2.9500000476837163,2973500,2.9500000476837163,GNW,Genworth Financial,financials,0.0,0.057347701798684536,-0.11144575090327968,0.0,-0.22591310233514694,0.073117037785557,1,0,1
35,2018-02-20,2.990000009536743,2.9200000762939453,2.940000057220459,2.9500000476837163,2973500,2.9500000476837163,GNW,Genworth Financial,financials,0.0,0.07664234942191772,-0.11144575090327968,0.0,-0.4719691723047964,0.073117037785557,1,0,1
36,2018-02-21,3.0299999713897705,2.900000095367432,2.940000057220459,2.9100000858306885,2652900,2.9100000858306885,GNW,Genworth Financial,financials,-0.013559308883548948,0.013937352566762984,-0.12349393242657203,-0.10781906843786782,-0.6289442766028869,-0.04258544155328592,0,0,1
37,2018-02-22,2.940000057220459,2.8499999046325684,2.940000057220459,2.8499999046325684,2200000,2.8499999046325684,GNW,Genworth Financial,financials,-0.02061861836027834,-0.02061861836027834,-0.1517857161863727,-0.1707188359908025,-0.4199994727267934,-0.31909625502940264,0,0,0
38,2018-02-23,2.9100000858306885,2.8399999141693115,2.869999885559082,2.890000104904175,1912500,2.890000104904175,GNW,Genworth Financial,financials,0.014035158459685393,-0.026936000988353248,-0.11890239935592095,-0.13068181818181823,-0.5075699057623977,-0.308068017366136,1,0,0
39,2018-02-24,2.9100000858306885,2.8399999141693115,2.880000114440918,2.8499999046325684,1735000,2.8499999046325684,GNW,Genworth Financial,financials,-0.013840899245549543,-0.033898353028728345,-0.10658311802167886,-0.09281045751633987,-0.41651252732470156,-0.4519552719691705,0,0,0
40,2018-02-25,2.9100000858306885,2.8399999141693115,2.880000114440918,2.8499999046325684,1735000,2.8499999046325684,GNW,Genworth Financial,financials,0.0,-0.033898353028728345,-0.09810132049937226,0.0,-0.41651252732470156,-0.40622861054072557,1,0,0
41,2018-02-26,2.9100000858306885,2.8399999141693115,2.880000114440918,2.8499999046325684,1735000,2.8499999046325684,GNW,Genworth Financial,financials,0.0,-0.033898353028728345,-0.09235674859331144,0.0,-0.41651252732470156,-0.3667883211678832,1,0,0
42,2018-02-27,2.900000095367432,2.799999952316284,2.8399999141693115,2.8199999332427983,2937500,2.8199999332427983,GNW,Genworth Financial,financials,-0.010526306103030514,-0.04406783469138975,-0.10191087928996811,0.6930835734870318,-0.012106944677988896,0.07208029197080301,0,0,0
43,2018-02-28,2.8299999237060547,2.720000028610229,2.8199999332427983,2.720000028610229,3326600,2.720000028610229,GNW,Genworth Financial,financials,-0.03546095992902254,-0.0652921139575231,-0.13375798161215768,0.1324595744680852,0.25394850917863465,0.21408759124087595,0,0,0
44,2018-03-01,2.759999990463257,2.690000057220459,2.720000028610229,2.720000028610229,1965500,2.720000028610229,GNW,Genworth Financial,financials,0.0,-0.045613993113132856,-0.1282050870579362,-0.40915649612216676,-0.10659090909090907,0.0073804520526883355,1,0,0
45,2018-03-02,2.8299999237060547,2.6700000762939453,2.720000028610229,2.8299999237060547,2369700,2.8299999237060547,GNW,Genworth Financial,financials,0.040441137477498224,-0.02076130761943673,-0.07516340633149377,0.20564741795980668,0.23905882352941177,-0.29925776976077123,1,0,0
46,2018-03-03,2.9800000190734863,2.809999942779541,2.8299999237060547,2.9200000762939453,3444100,2.9200000762939453,GNW,Genworth Financial,financials,0.031802174916679915,0.02456146456271613,-0.055016130290433174,0.45339072456429075,0.9850720461095102,0.349251743320536,1,0,1
47,2018-03-04,2.9800000190734863,2.809999942779541,2.8299999237060547,2.9200000762939453,3444100,2.9200000762939453,GNW,Genworth Financial,financials,0.0,0.02456146456271613,-0.03630359608398659,0.0,0.9850720461095102,-0.0409879430846769,1,0,1
48,2018-03-05,2.9800000190734863,2.809999942779541,2.8299999237060547,2.9200000762939453,3444100,2.9200000762939453,GNW,Genworth Financial,financials,0.0,0.02456146456271613,0.013888875091518038,0.0,0.9850720461095102,-0.3585569813569739,1,1,1
49,2018-03-06,3.2799999713897705,2.8499999046325684,2.9100000858306885,3.220000028610229,9270800,3.220000028610229,GNW,Genworth Financial,financials,0.10273970701296786,0.14184400880728365,0.11805552106212813,1.6917917598211436,2.156017021276596,0.7266310319780978,1,1,1
50,2018-03-07,3.220000028610229,3.0,3.2000000476837163,3.0799999237060547,5940600,3.0799999237060547,GNW,Genworth Financial,financials,-0.04347829306218953,0.1323529012166098,0.06944437545758975,-0.3592138758251715,0.7857872903264596,0.10640120686122967,0,1,1
51,2018-03-08,3.0999999046325684,3.0,3.0999999046325684,3.0499999523162837,3847100,3.0499999523162837,GNW,Genworth Financial,financials,-0.009740250692497732,0.12132350008638282,0.10909089175137598,-0.3524054809278524,0.9573136606461461,-0.5655792314554468,0,1,1
52,2018-03-09,3.150000095367432,3.0499999523162837,3.0899999141693115,3.130000114440918,3030800,3.130000114440918,GNW,Genworth Financial,financials,0.0262295617624122,0.10600713739313283,0.057432457467253784,-0.21218580229263606,0.2789804616618137,-0.7064572053966625,1,1,1
53,2018-03-10,3.2100000381469727,2.890000104904175,3.140000104904175,3.0699999332427983,7059300,3.0699999332427983,GNW,Genworth Financial,financials,-0.019169386263373056,0.05136981268138596,0.10431653411422581,1.3291870133298138,1.0496791614645335,0.5965126535043084,0,1,1
54,2018-03-11,3.2100000381469727,2.890000104904175,3.140000104904175,3.0699999332427983,7059300,3.0699999332427983,GNW,Genworth Financial,financials,0.0,0.05136981268138596,0.1123188202357599,0.0,1.0496791614645335,0.05682889950147452,1,1,1
55,2018-03-12,3.2100000381469727,2.890000104904175,3.140000104904175,3.0699999332427983,7059300,3.0699999332427983,GNW,Genworth Financial,financials,0.0,0.05136981268138596,0.10035841405668111,0.0,1.0496791614645335,0.8377372243771639,1,1,1
56,2018-03-13,3.0899999141693115,2.9200000762939453,3.059999942779541,2.9600000381469727,3167800,2.9600000381469727,GNW,Genworth Financial,financials,-0.03583058550090401,-0.08074533793574967,0.060931927820184084,-0.5512586233762554,-0.6583034905294042,-0.1753312680602921,0,1,0
57,2018-03-14,2.990000009536743,2.890000104904175,2.990000009536743,2.9100000858306885,2604400,2.9100000858306885,GNW,Genworth Financial,financials,-0.016891875564834513,-0.055194753924153184,0.043010797712685456,-0.17785213712986936,-0.5615931050735616,-0.3220003644599485,0,1,0
58,2018-03-15,2.9800000190734863,2.900000095367432,2.9300000667572017,2.9200000762939453,1739200,2.9200000762939453,GNW,Genworth Financial,financials,0.0034364227382495116,-0.04262291083762526,0.06569345479222655,-0.3322070342497312,-0.547919211873879,-0.6911547955179088,1,1,0
59,2018-03-16,2.990000009536743,2.869999885559082,2.9300000667572017,2.9600000381469727,6329400,2.9600000381469727,GNW,Genworth Financial,financials,0.013698616715036138,-0.054313121430767386,0.03135893943436807,2.639259429622815,1.0883595090405174,-0.11471970459885872,1,1,0
60,2018-03-17,2.990000009536743,2.859999895095825,2.9500000476837163,2.900000095367432,2705600,2.900000095367432,GNW,Genworth Financial,financials,-0.020270250677801305,-0.05537454122866958,-0.0034364227382494006,-0.5725345214396309,-0.6167325372204042,-0.28670480609527826,0,0,0
61,2018-03-18,2.990000009536743,2.859999895095825,2.9500000476837163,2.900000095367432,2705600,2.900000095367432,GNW,Genworth Financial,financials,0.0,-0.05537454122866958,-0.023569000864808953,0.0,-0.6167325372204042,-0.30336268602914673,1,0,0
62,2018-03-19,2.990000009536743,2.859999895095825,2.9500000476837163,2.900000095367432,2705600,2.900000095367432,GNW,Genworth Financial,financials,0.0,-0.05537454122866958,-0.016949136104436047,0.0,-0.6167325372204042,-0.0900958466453674,1,0,0
63,2018-03-20,2.9300000667572017,2.859999895095825,2.9200000762939453,2.859999895095825,1324900,2.859999895095825,GNW,Genworth Financial,financials,-0.013793172053857772,-0.033783831676485354,-0.030508525807841025,-0.5103119455943229,-0.5817602121346044,-0.5544308054481251,0,0,0
64,2018-03-21,3.0799999237060547,2.8399999141693115,2.859999895095825,3.059999942779541,5165100,3.059999942779541,GNW,Genworth Financial,financials,0.06993008916771815,0.051546341073743784,0.03728809942975908,2.898482904370141,0.9832207034249731,0.7370438876744576,1,1,1
65,2018-03-22,3.0899999141693115,2.900000095367432,3.0499999523162837,2.9500000476837163,5097700,2.9500000476837163,GNW,Genworth Financial,financials,-0.03594767880809391,0.010273962536277326,0.0,-0.013049118119687897,1.9310602575896962,0.7143769968051119,0,1,1
66,2018-03-23,2.9600000381469727,2.859999895095825,2.9600000381469727,2.900000095367432,3160300,2.900000095367432,GNW,Genworth Financial,financials,-0.016949136104436047,-0.020270250677801305,-0.0034364227382494006,-0.3800537497302705,-0.5006951685783803,0.19126239209921225,0,0,0
67,2018-03-24,2.9600000381469727,2.8199999332427983,2.940000057220459,2.880000114440918,2205400,2.880000114440918,GNW,Genworth Financial,financials,-0.006896544920278691,-0.006896544920278691,0.010526389758675148,-0.3021548587159447,-0.18487581312832646,0.002454545454545487,0,1,0
68,2018-03-25,2.9600000381469727,2.8199999332427983,2.940000057220459,2.880000114440918,2205400,2.880000114440918,GNW,Genworth Financial,financials,0.0,-0.006896544920278691,-0.003460204186943594,0.0,-0.18487581312832646,0.15315032679738572,1,0,0
69,2018-03-26,2.9600000381469727,2.8199999332427983,2.940000057220459,2.880000114440918,2205400,2.880000114440918,GNW,Genworth Financial,financials,0.0,-0.006896544920278691,0.010526389758675148,0.0,-0.18487581312832646,0.27112391930835744,1,1,0
70,2018-03-27,2.9100000858306885,2.799999952316284,2.900000095367432,2.809999942779541,2378400,2.809999942779541,GNW,Genworth Financial,financials,-0.02430561419438204,-0.01748250145114394,-0.01403507480404087,0.07844381971524439,0.795154351271794,0.37083573487031707,0,0,0
71,2018-03-28,2.8499999046325684,2.759999990463257,2.8399999141693115,2.799999952316284,2244200,2.799999952316284,GNW,Genworth Financial,financials,-0.0035587155398179027,-0.08496731873370122,-0.017543843505051004,-0.05642448705011771,-0.5655069601750209,0.2934870317002882,0,0,0
72,2018-03-29,2.9100000858306885,2.799999952316284,2.799999952316284,2.8299999237060547,2422600,2.8299999237060547,GNW,Genworth Financial,financials,0.01071427567880967,-0.040678007470502764,0.0035460959929021207,0.07949380625612701,-0.5247660709731841,-0.17528510638297867,1,1,0
73,2018-03-30,2.9200000762939453,2.720000028610229,2.8499999046325684,2.75,2190300,2.75,GNW,Genworth Financial,financials,-0.02826852503984878,-0.05172416911539002,0.01102940113022699,-0.09588871460414428,-0.3069328861184065,-0.3415799915829977,0,1,0
74,2018-03-31,2.9200000762939453,2.720000028610229,2.8499999046325684,2.75,2190300,2.75,GNW,Genworth Financial,financials,0.0,-0.04513892683165899,0.01102940113022699,0.0,-0.006846830506937462,0.11437293309590446,1,1,0
75,2018-04-01,2.9200000762939453,2.720000028610229,2.8499999046325684,2.75,2190300,2.75,GNW,Genworth Financial,financials,0.0,-0.04513892683165899,-0.02826852503984878,0.0,-0.006846830506937462,-0.07570578554247376,1,0,0
76,2018-04-02,2.9200000762939453,2.720000028610229,2.8499999046325684,2.75,2190300,2.75,GNW,Genworth Financial,financials,0.0,-0.04513892683165899,-0.05821920268910019,0.0,-0.006846830506937462,-0.36404285589849306,1,0,0
77,2018-04-03,2.859999895095825,2.75,2.75,2.809999942779541,2829400,2.809999942779541,GNW,Genworth Financial,financials,0.021818161010742188,0.0,-0.03767127761654587,0.2917865132630233,0.1896232761520349,-0.17847913823640427,1,0,1
78,2018-04-04,2.8499999046325684,2.75,2.75,2.799999952316284,1552700,2.799999952316284,GNW,Genworth Financial,financials,-0.0035587155398179027,0.0,-0.04109593179530491,-0.45122640842581463,-0.3081276178593708,-0.5491710461368717,0,0,1
79,2018-04-05,2.859999895095825,2.7799999713897705,2.8199999332427983,2.7799999713897705,1377000,2.7799999713897705,GNW,Genworth Financial,financials,-0.007142850452539706,-0.01766782814990553,-0.13664597928912603,-0.11315772525278545,-0.43160241063320404,-0.8514691288777667,0,0,0
80,2018-04-06,2.799999952316284,2.7300000190734863,2.7799999713897705,2.75,1847000,2.75,GNW,Genworth Financial,financials,-0.010791356726084111,0.0,-0.10714283502610533,0.3413217138707334,-0.15673652011140027,-0.6890886442446891,0,0,1
81,2018-04-07,2.7799999713897705,2.6600000858306885,2.75,2.690000057220459,2444300,2.690000057220459,GNW,Genworth Financial,financials,-0.021818161010742188,-0.021818161010742188,-0.1180327543357591,0.3233892799133731,0.11596584942701904,-0.36463829897845135,0,0,0
82,2018-04-08,2.7799999713897705,2.6600000858306885,2.75,2.690000057220459,2444300,2.690000057220459,GNW,Genworth Financial,financials,0.0,-0.021818161010742188,-0.1405750930137113,0.0,0.11596584942701904,-0.19351326382473277,1,0,0
83,2018-04-09,2.7799999713897705,2.6600000858306885,2.75,2.690000057220459,2444300,2.690000057220459,GNW,Genworth Financial,financials,0.0,-0.021818161010742188,-0.12377846393662639,0.0,0.11596584942701904,-0.6537475387078039,1,0,0
84,2018-04-10,2.7799999713897705,2.690000057220459,2.7300000190734863,2.75,2161100,2.75,GNW,Genworth Financial,financials,0.022304810967750832,-0.021352293238907083,-0.10423450820886071,-0.11586139180951605,-0.2361984873117976,-0.6938648307905884,1,0,0
85,2018-04-11,2.8299999237060547,2.720000028610229,2.720000028610229,2.809999942779541,1648500,2.809999942779541,GNW,Genworth Financial,financials,0.021818161010742188,0.003571425226269964,-0.08469055248109503,-0.23719402156309288,0.06169897597732987,-0.7664782627172666,1,0,1
86,2018-04-12,2.8199999332427983,2.740000009536743,2.789999961853028,2.740000009536743,1530800,2.740000009536743,GNW,Genworth Financial,financials,-0.024911008778724986,-0.014388475634778741,-0.07432433303208819,-0.07139824082499246,0.11169208424110377,-0.5167624218700675,0,0,0
87,2018-04-13,2.7699999809265137,2.690000057220459,2.759999990463257,2.7300000190734863,1988300,2.7300000190734863,GNW,Genworth Financial,financials,-0.0036496315432303916,-0.0072727203369140625,-0.06185569121927337,0.29886333943036325,0.07650243638332421,-0.23656120411611115,0,0,0
88,2018-04-14,2.789999961853028,2.720000028610229,2.720000028610229,2.7799999713897705,2152900,2.7799999713897705,GNW,Genworth Financial,financials,0.018315000720495744,0.033457216451626026,-0.04794524015282309,0.08278428808529892,-0.11921613549891585,0.23786798528058872,1,0,1
89,2018-04-15,2.789999961853028,2.720000028610229,2.720000028610229,2.7799999713897705,2152900,2.7799999713897705,GNW,Genworth Financial,financials,0.0,0.033457216451626026,-0.060810832580220575,0.0,-0.11921613549891585,-0.6598571744557147,1,0,1
90,2018-04-16,2.789999961853028,2.720000028610229,2.720000028610229,2.7799999713897705,2152900,2.7799999713897705,GNW,Genworth Financial,financials,0.0,0.033457216451626026,-0.04137935173497209,0.0,-0.11921613549891585,-0.20428001182732114,1,0,1
91,2018-04-17,2.8299999237060547,2.759999990463257,2.789999961853028,2.8199999332427983,3126100,2.8199999332427983,GNW,Genworth Financial,financials,0.014388475634778963,0.02545452117919944,-0.02758626189441482,0.4520414324864137,0.4465318587756235,0.1554183914843288,1,0,1
92,2018-04-18,2.8299999237060547,2.759999990463257,2.8199999332427983,2.789999961853028,2716500,2.789999961853028,GNW,Genworth Financial,financials,-0.010638287978706695,-0.007117431079635583,-0.037931079274832635,-0.13102587889063044,0.6478616924476797,0.004028681253696043,0,0,0
93,2018-04-19,2.789999961853028,2.6800000667572017,2.759999990463257,2.720000028610229,3222500,2.720000028610229,GNW,Genworth Financial,financials,-0.02508958215049828,-0.007299263086460894,-0.048951004063203074,0.18626909626357446,1.1051084400313562,1.4322590384179938,0,0,0
94,2018-04-20,2.740000009536743,2.690000057220459,2.720000028610229,2.7100000381469727,1289200,2.7100000381469727,GNW,Genworth Financial,financials,-0.0036764670434087376,-0.007326000288198298,-0.11437905594032372,-0.5999379363847944,-0.3516069003671478,-0.7504017347195602,0,0,0
95,2018-04-21,2.740000009536743,2.6600000858306885,2.720000028610229,2.700000047683716,2137000,2.700000047683716,GNW,Genworth Financial,financials,-0.0036900333293332643,-0.028776951269557483,-0.08474576134203649,0.6576171269004034,-0.007385387152213263,-0.5807913372697491,0,0,0
96,2018-04-22,2.740000009536743,2.6600000858306885,2.720000028610229,2.700000047683716,2137000,2.700000047683716,GNW,Genworth Financial,financials,0.0,-0.028776951269557483,-0.06896553141608641,0.0,-0.007385387152213263,-0.32379837357212926,1,0,0
97,2018-04-23,2.740000009536743,2.6600000858306885,2.720000028610229,2.700000047683716,2137000,2.700000047683716,GNW,Genworth Financial,financials,0.0,-0.028776951269557483,-0.06250002069605642,0.0,-0.007385387152213263,-0.03101478189897522,1,0,0
98,2018-04-24,2.809999942779541,2.700000047683716,2.720000028610229,2.809999942779541,3190100,2.809999942779541,GNW,Genworth Financial,financials,0.04074070116783601,-0.003546095992902343,-0.02430561419438204,0.4927936359382312,0.020472793576661097,0.4464949668994287,1,0,0
99,2018-04-25,2.8399999141693115,2.7300000190734863,2.799999952316284,2.809999942779541,2641800,2.809999942779541,GNW,Genworth Financial,financials,0.0,0.007168452042999318,-0.02430561419438204,-0.1718754897965581,-0.027498619547211445,0.19787793597533332,1,0,1
100,2018-04-26,2.890000104904175,2.7799999713897705,2.8199999332427983,2.880000114440918,2241900,2.880000114440918,GNW,Genworth Financial,financials,0.024911093625196168,0.05882356034843128,0.024911093625196168,-0.151374063138769,-0.30429790535298684,-0.05739152371342082,1,1,1
101,2018-04-27,2.890000104904175,2.8199999332427983,2.859999895095825,2.8399999141693115,2353500,2.8399999141693115,GNW,Genworth Financial,financials,-0.013888957875743513,0.04797043328133288,0.014285700905079413,0.04977920513849865,0.8255507291343469,0.0487033241244097,0,1,1
102,2018-04-28,2.869999885559082,2.75,2.8299999237060547,2.759999990463257,2656200,2.759999990463257,GNW,Genworth Financial,financials,-0.028168988071767043,0.02222220063700142,-0.024734959409867696,0.12861695347354996,0.2429574169396349,0.09642532815982818,0,0,1
103,2018-04-29,2.869999885559082,2.75,2.8299999237060547,2.759999990463257,2656200,2.759999990463257,GNW,Genworth Financial,financials,0.0,0.02222220063700142,0.0036363601684570312,0.0,0.2429574169396349,0.2127105875907409,1,1,1
104,2018-04-30,2.869999885559082,2.75,2.8299999237060547,2.759999990463257,2656200,2.759999990463257,GNW,Genworth Financial,financials,0.0,0.02222220063700142,0.0036363601684570312,0.0,0.2429574169396349,0.2127105875907409,1,1,1
105,2018-05-01,2.8399999141693115,2.759999990463257,2.759999990463257,2.8399999141693115,2627200,2.8399999141693115,GNW,Genworth Financial,financials,0.028985479703797834,0.010676146619453597,0.03272724151611328,-0.010917852571342479,-0.17645214883545968,0.1994703921837191,1,1,1
106,2018-05-02,3.2000000476837163,2.8199999332427983,2.8499999046325684,2.970000028610229,12586400,2.970000028610229,GNW,Genworth Financial,financials,0.04577468956682762,0.05693953348355674,0.08000001040371973,3.790803897685749,3.7643273525626464,4.746427430032416,1,1,1
107,2018-05-03,2.990000009536743,2.8199999332427983,2.9600000381469727,2.9100000858306885,4851000,2.9100000858306885,GNW,Genworth Financial,financials,-0.02020200074126488,0.010416656318638529,0.035587240244649765,-0.6145839954236318,1.1637896427137697,0.714497773379515,0,1,1
108,2018-05-04,3.059999942779541,2.859999895095825,2.880000114440918,3.0199999809265137,2300400,3.0199999809265137,GNW,Genworth Financial,financials,0.037800650120745516,0.0633803071116823,0.07857144012743134,-0.5257884972170687,-0.022562141491395793,0.48154827075417006,1,1,1
109,2018-05-05,3.130000114440918,3.0299999713897705,3.039999961853028,3.119999885559082,1633200,3.119999885559082,GNW,Genworth Financial,financials,0.033112551411967006,0.13043474505063335,0.12230212865769907,-0.29003651538862807,-0.38513666139597924,0.18605664488017437,1,1,1
110,2018-05-06,3.130000114440918,3.0299999713897705,3.039999961853028,3.119999885559082,1633200,3.119999885559082,GNW,Genworth Financial,financials,0.0,0.13043474505063335,0.1345454129305752,0.0,-0.38513666139597924,-0.11575527883053605,1,1,1
111,2018-05-07,3.130000114440918,3.0299999713897705,3.039999961853028,3.119999885559082,1633200,3.119999885559082,GNW,Genworth Financial,financials,0.0,0.13043474505063335,0.1598512339003204,0.0,-0.38513666139597924,-0.3318332446917318,1,1,1
112,2018-05-08,3.1700000762939453,3.059999942779541,3.0999999046325684,3.140000104904175,3187700,3.140000104904175,GNW,Genworth Financial,financials,0.006410326948300238,0.1056338731695392,0.16728625952101095,0.9518123928483957,0.21334500609013407,0.3041361534999796,1,1,1
113,2018-05-09,3.259999990463257,3.130000114440918,3.130000114440918,3.190000057220459,3220500,3.190000057220459,GNW,Genworth Financial,financials,0.015923551161094673,0.07407408299358709,0.1858736019941365,0.010289550459579022,-0.7441285832326956,0.3175551282575788,1,1,1
114,2018-05-10,3.2000000476837163,3.0199999809265137,3.190000057220459,3.0799999237060547,2296400,3.0799999237060547,GNW,Genworth Financial,financials,-0.03448279985620151,0.05841918655024303,0.11999997225674708,-0.28694302126998916,-0.5266130694702122,0.06260700569154598,0,1,1
115,2018-05-11,3.119999885559082,3.039999961853028,3.0799999237060547,3.0699999332427983,933600,3.0699999332427983,GNW,Genworth Financial,financials,-0.003246750230832429,0.016556275705983614,0.09252668888173554,-0.5934506183591709,-0.5941575378195096,-0.4336669699727025,0,1,1
116,2018-05-12,3.2300000190734863,3.0799999237060547,3.0799999237060547,3.1700000762939453,3834500,3.1700000762939453,GNW,Genworth Financial,financials,0.03257333720705269,0.016025702746429227,0.1569343303870656,3.1072193658954586,1.3478447220181238,1.504899399007055,1,1,1
117,2018-05-13,3.2300000190734863,3.0799999237060547,3.0799999237060547,3.1700000762939453,3834500,3.1700000762939453,GNW,Genworth Financial,financials,0.0,0.016025702746429227,0.16117218100598674,0.0,1.3478447220181238,0.9285319116833475,1,1,1
118,2018-05-14,3.2300000190734863,3.0799999237060547,3.0799999237060547,3.1700000762939453,3834500,3.1700000762939453,GNW,Genworth Financial,financials,0.0,0.016025702746429227,0.14028780896325221,0.0,1.3478447220181238,0.781085977054206,1,1,1
119,2018-05-15,3.2300000190734863,3.140000104904175,3.150000095367432,3.2000000476837163,1949400,3.2000000476837163,GNW,Genworth Financial,financials,0.009463713144399755,0.019108261393313786,0.15107916568933644,-0.4916155952536184,-0.3884619004297769,-0.09452366575317017,1,1,1
120,2018-05-16,3.2999999523162837,3.190000057220459,3.220000028610229,3.2999999523162837,3236200,3.2999999523162837,GNW,Genworth Financial,financials,0.031249969732016547,0.034482725116836255,0.18705035477628296,0.6601005437570535,0.0048750194069244746,0.5031817548423057,1,1,1
121,2018-05-17,3.559999942779541,3.2799999713897705,3.2999999523162837,3.5299999713897705,5340400,3.5299999713897705,GNW,Genworth Financial,financials,0.06969697648390838,0.1461039152047272,0.25177306913285036,0.6502070329398677,1.3255530395401496,0.7083266690125076,1,1,1
122,2018-05-18,3.5699999332427983,3.3299999237060547,3.5699999332427983,3.3399999141693115,4076500,3.3399999141693115,GNW,Genworth Financial,financials,-0.05382437925223427,0.08794787843572238,0.19713260209186223,-0.23666766534342,3.3664310197086547,0.5006442113013068,0,1,1
123,2018-05-19,3.630000114440918,3.390000104904175,3.4500000476837163,3.630000114440918,4404900,3.630000114440918,GNW,Genworth Financial,financials,0.08682640949819675,0.14511041863593888,0.33455885156576604,0.0805593033239298,0.14875472682227153,0.36692009309542284,1,1,1
124,2018-05-20,3.630000114440918,3.390000104904175,3.4500000476837163,3.630000114440918,4404900,3.630000114440918,GNW,Genworth Financial,financials,0.0,0.14511041863593888,0.3394834182080002,0.0,0.14875472682227153,2.416770089978281,1,1,1
125,2018-05-21,3.630000114440918,3.390000104904175,3.4500000476837163,3.630000114440918,4404900,3.630000114440918,GNW,Genworth Financial,financials,0.0,0.14511041863593888,0.344444463086226,0.0,0.14875472682227153,1.0612540945250353,1,1,1
126,2018-05-22,3.7100000381469727,3.440000057220459,3.6800000667572017,3.5799999237060547,3959000,3.5799999237060547,GNW,Genworth Financial,financials,-0.013774156792985215,0.11874995948746836,0.32592587425221553,-0.10122817771118531,1.0308812968092744,0.8525970987365465,0,1,1
127,2018-05-23,3.5799999237060547,3.4300000667572017,3.5799999237060547,3.4500000476837163,3100500,3.4500000476837163,GNW,Genworth Financial,financials,-0.03631281530524755,0.04545457501056838,0.27777777287204586,-0.21684768881030558,-0.0419318954329152,0.4508656995788489,0,1,1
128,2018-05-24,3.4500000476837163,3.3299999237060547,3.4200000762939453,3.400000095367432,2685300,3.400000095367432,GNW,Genworth Financial,financials,-0.014492739601511984,-0.03682716064475122,0.20996447138866703,-0.13391388485728106,-0.49717249644221406,-0.15823955361900877,0,1,0
129,2018-05-25,3.490000009536743,3.3499999046325684,3.400000095367432,3.470000028610229,1597300,3.470000028610229,GNW,Genworth Financial,financials,0.020588215082162353,0.038922190952585645,0.2348754801673918,-0.4051688824339925,-0.6081687722310806,-0.3953743659626012,1,1,1
130,2018-05-26,3.5299999713897705,3.4100000858306885,3.4500000476837163,3.5299999713897705,2816900,3.5299999713897705,GNW,Genworth Financial,financials,0.017291049649809986,-0.02754824790592303,0.22569438580561796,0.7635384711700997,-0.3605076165179686,0.25647887952183424,1,1,0
131,2018-05-27,3.5299999713897705,3.4100000858306885,3.4500000476837163,3.5299999713897705,2816900,3.5299999713897705,GNW,Genworth Financial,financials,0.0,-0.02754824790592303,0.24295777396960982,0.0,-0.3605076165179686,0.19689823666879125,1,1,0
132,2018-05-28,3.5299999713897705,3.4100000858306885,3.4500000476837163,3.5299999713897705,2816900,3.5299999713897705,GNW,Genworth Financial,financials,0.0,-0.02754824790592303,0.2789855012996836,0.0,-0.3605076165179686,0.06049996235223243,1,1,0
133,2018-05-29,3.5299999713897705,3.4100000858306885,3.4500000476837163,3.5299999713897705,2816900,3.5299999713897705,GNW,Genworth Financial,financials,0.0,-0.01396646742509522,0.2789855012996836,0.0,-0.288481939883809,0.06049996235223243,1,1,0
134,2018-05-30,3.7699999809265137,3.5299999713897705,3.5499999523162837,3.660000085830689,6023500,3.660000085830689,GNW,Genworth Financial,financials,0.03682722818542605,0.06086957543318405,0.3260869922018985,1.1383435691717847,0.9427511691662636,1.2677132746028161,1,1,1
135,2018-05-31,3.740000009536743,3.4300000667572017,3.660000085830689,3.440000057220459,5747000,3.440000057220459,GNW,Genworth Financial,financials,-0.06010929602486548,0.011764694332664138,0.21126766238887207,-0.04590354445090061,1.140170558224407,1.1875,0,1,1
136,2018-06-01,3.559999942779541,3.4500000476837163,3.5,3.5499999523162837,3324600,3.5499999523162837,GNW,Genworth Financial,financials,0.031976713158750725,0.02305473286641302,0.19528616771679208,-0.42150687315120927,1.0813873411381705,-0.7358577512235429,1,1,1
137,2018-06-02,3.5999999046325684,3.470000028610229,3.5799999237060547,3.5499999523162837,2926100,3.5499999523162837,GNW,Genworth Financial,financials,0.0,0.005665717022269368,0.21993121910953506,-0.11986404379474225,0.03876601938300972,-0.39680478251906826,1,1,1
138,2018-06-03,3.5999999046325684,3.470000028610229,3.5799999237060547,3.5499999523162837,2926100,3.5499999523162837,GNW,Genworth Financial,financials,0.0,0.005665717022269368,0.17549668037652433,0.0,0.03876601938300972,0.27199617457833414,1,1,1
139,2018-06-04,3.5999999046325684,3.470000028610229,3.5799999237060547,3.5499999523162837,2926100,3.5499999523162837,GNW,Genworth Financial,financials,0.0,0.005665717022269368,0.1378205392722791,0.0,0.03876601938300972,0.791636051922606,1,1,1
140,2018-06-05,3.609999895095825,3.5,3.5199999809265137,3.5899999141693115,2940200,3.5899999141693115,GNW,Genworth Financial,financials,0.01126759503952357,0.016997151066808325,0.15064104033645132,0.00481870065958101,0.043771521885760833,0.8002694097477345,1,1,1
141,2018-06-06,3.9600000381469727,3.5999999046325684,3.609999895095825,3.8199999332427983,10033000,3.8199999332427983,GNW,Genworth Financial,financials,0.06406685921236477,0.043715804278675385,0.2243589978716558,2.412352901163186,0.665642898646966,5.143154543228019,1,1,1
142,2018-06-07,3.839999914169312,3.609999895095825,3.7999999523162837,3.7200000286102295,4204800,3.7200000286102295,GNW,Genworth Financial,financials,-0.02617798596338683,0.08139533916636399,0.18471334532766037,-0.5809030200338882,-0.2683487036714808,0.3190701759889576,0,1,1
143,2018-06-08,3.8199999332427983,3.630000114440918,3.740000009536743,3.809999942779541,5620700,3.809999942779541,GNW,Genworth Financial,financials,0.024193525128260562,0.07323943491706641,0.19435732740998946,0.33673420852359204,0.6906394754256151,0.7452879987579568,1,1,1
144,2018-06-09,4.920000076293945,4.6599998474121085,4.880000114440918,4.820000171661377,27062200,4.820000171661377,GNW,Genworth Financial,financials,0.26509192757231426,0.35774654546585305,0.5649351594339138,3.8147383777821267,8.248556098561226,10.784619404284967,1,1,1
145,2018-06-10,4.920000076293945,4.6599998474121085,4.880000114440918,4.820000171661377,27062200,4.820000171661377,GNW,Genworth Financial,financials,0.0,0.35774654546585305,0.5700326633460469,0.0,8.248556098561226,27.9869323050557,1,1,1
146,2018-06-11,4.920000076293945,4.6599998474121085,4.880000114440918,4.820000171661377,27062200,4.820000171661377,GNW,Genworth Financial,financials,0.0,0.35774654546585305,0.5205047494183188,0.0,8.248556098561226,6.057556395879515,1,1,1
147,2018-06-12,4.8400001525878915,4.710000038146973,4.800000190734863,4.739999771118164,8592600,4.739999771118164,GNW,Genworth Financial,financials,-0.016597592882582446,0.32033422964996094,0.49526803061144054,-0.6824870114033597,1.9224542548125978,1.2408658234450383,0,1,1
148,2018-06-13,4.739999771118164,4.579999923706055,4.739999771118164,4.699999809265137,8022900,4.699999809265137,GNW,Genworth Financial,financials,-0.008438810925003759,0.23036646371752845,0.4826497464189079,-0.06630123594721038,-0.20034884879896342,1.0922936497587692,0,1,1
149,2018-06-14,4.71999979019165,4.599999904632568,4.690000057220459,4.710000038146973,5626400,4.710000038146973,GNW,Genworth Financial,financials,0.002127708359077385,0.2661290327749275,0.47187498998828237,-0.29870744992459086,0.338089802130898,1.8862214014568583,1,1,1
150,2018-06-15,4.710000038146973,4.599999904632568,4.679999828338623,4.650000095367432,6599200,4.650000095367432,GNW,Genworth Financial,financials,-0.012738841251293542,0.2204724843053616,0.409090958350947,0.17289918953504912,0.17408863664668095,1.0391817563809407,0,1,1
151,2018-06-16,4.679999828338623,4.559999942779541,4.639999866485597,4.579999923706055,4393700,4.579999923706055,GNW,Genworth Financial,financials,-0.015053800048545063,-0.04979258079001225,0.2974504138318439,-0.33420717662747,-0.8376443895913858,-0.17727136544079092,0,1,0
152,2018-06-17,4.679999828338623,4.559999942779541,4.639999866485597,4.579999923706055,4393700,4.579999923706055,GNW,Genworth Financial,financials,0.0,-0.04979258079001225,0.3712574974257574,0.0,-0.8376443895913858,0.07781184839936217,1,1,0
153,2018-06-18,4.679999828338623,4.559999942779541,4.639999866485597,4.579999923706055,4393700,4.579999923706055,GNW,Genworth Financial,financials,0.0,-0.04979258079001225,0.2617079281859618,0.0,-0.8376443895913858,-0.0025426229880360918,1,1,0
154,2018-06-19,4.630000114440918,4.460000038146973,4.559999942779541,4.510000228881836,6855600,4.510000228881836,GNW,Genworth Financial,financials,-0.015283776417091333,-0.04852311251949093,0.24242426630789593,0.5603250108109339,-0.2021506878011312,0.5563576925696383,0,1,0
155,2018-06-20,4.5900001525878915,4.429999828338623,4.539999961853027,4.550000190734863,6115900,4.550000190734863,GNW,Genworth Financial,financials,0.008869170692469064,-0.031914813748412985,0.25344353919824636,-0.1078971935352121,-0.2376945992097621,0.38843106540443606,1,1,0
156,2018-06-21,4.670000076293945,4.480000019073486,4.559999942779541,4.5,6621100,4.5,GNW,Genworth Financial,financials,-0.010989052448102776,-0.04458599499918303,0.25698326701123264,0.08260435912948227,0.17679155410209013,0.6724172770901742,0,1,0
157,2018-06-22,4.559999942779541,4.46999979019165,4.539999961853027,4.510000228881836,5706600,4.510000228881836,GNW,Genworth Financial,financials,0.0022222730848524552,-0.03010749755146691,0.3072464250862228,-0.13811904366343963,-0.13525881925081829,0.8405418480890179,1,1,0
158,2018-06-23,4.5,4.400000095367432,4.46999979019165,4.420000076293945,2894600,4.420000076293945,GNW,Genworth Financial,financials,-0.01995568692248262,-0.03493446508240117,0.2999999859753779,-0.49276276592016266,-0.3411930718984,0.07794287416675982,0,1,0
159,2018-06-24,4.5,4.400000095367432,4.46999979019165,4.420000076293945,2894600,4.420000076293945,GNW,Genworth Financial,financials,0.0,-0.03493446508240117,0.2737752276227505,0.0,-0.3411930718984,0.8121830589119139,1,1,0
160,2018-06-25,4.5,4.400000095367432,4.46999979019165,4.420000076293945,2894600,4.420000076293945,GNW,Genworth Financial,financials,0.0,-0.03493446508240117,0.2521246776536883,0.0,-0.3411930718984,0.02758351379175683,1,1,0
161,2018-06-26,4.449999809265137,4.3400001525878915,4.429999828338623,4.420000076293945,2802700,4.420000076293945,GNW,Genworth Financial,financials,0.0,-0.01995568692248262,0.2521246776536883,-0.031748773578387346,-0.5911809323764514,-0.005041002520501214,1,1,0
162,2018-06-27,4.46999979019165,4.3400001525878915,4.400000095367432,4.349999904632568,2481400,4.349999904632568,GNW,Genworth Financial,financials,-0.015837142636447754,-0.04395610499304026,0.23229460053507078,-0.11463945481143178,-0.5942706715283115,-0.1191025595512798,0,1,0
163,2018-06-28,4.420000076293945,4.2899999618530265,4.360000133514403,4.400000095367432,1808500,4.400000095367432,GNW,Genworth Financial,financials,0.011494296972653917,-0.0222222010294596,0.24645896063141892,-0.2711775610542436,-0.7268580749422302,-0.35798217899108953,1,1,0
164,2018-06-29,4.510000228881836,4.380000114440918,4.4099998474121085,4.5,3217100,4.5,GNW,Genworth Financial,financials,0.022727250560256484,-0.0022173455375444906,0.22950816788810569,0.7788775228089577,-0.43624925524830893,-0.4659085249439695,1,1,0
165,2018-06-30,4.550000190734863,4.449999809265137,4.449999809265137,4.550000190734863,1849400,4.550000190734863,GNW,Genworth Financial,financials,0.011111153496636383,0.02941179008981365,0.32267445204965806,-0.42513443784775107,-0.3610861604366752,-0.6781973203410475,1,1,1
166,2018-07-01,4.550000190734863,4.449999809265137,4.449999809265137,4.550000190734863,1849400,4.550000190734863,GNW,Genworth Financial,financials,0.0,0.02941179008981365,0.28169021178890574,0.0,-0.3610861604366752,-0.4437225530890935,1,1,1
167,2018-07-02,4.550000190734863,4.449999809265137,4.449999809265137,4.550000190734863,1849400,4.550000190734863,GNW,Genworth Financial,financials,0.0,0.02941179008981365,0.28169021178890574,0.0,-0.3610861604366752,-0.367964184409282,1,1,1
168,2018-07-03,4.5900001525878915,4.46999979019165,4.550000190734863,4.489999771118164,1356800,4.489999771118164,GNW,Genworth Financial,financials,-0.01318690485747176,0.015837034754739632,0.26478868490929264,-0.2663566562128258,-0.515895386591501,-0.5363111308567718,0,1,1
169,2018-07-04,4.630000114440918,4.489999771118164,4.53000020980835,4.5900001525878915,1931500,4.5900001525878915,GNW,Genworth Financial,financials,0.02227180101722448,0.05517247200390352,0.29295780682842953,0.42357016509433953,-0.2216087692431692,-0.339906360001367,1,1,1
170,2018-07-05,4.630000114440918,4.489999771118164,4.53000020980835,4.5900001525878915,1931500,4.5900001525878915,GNW,Genworth Financial,financials,0.0,0.04318183025052713,0.2785516051049739,0.0,0.06801216477743988,-0.34307189987075715,1,1,1
171,2018-07-06,4.639999866485597,4.53000020980835,4.5900001525878915,4.579999923706055,2064600,4.579999923706055,GNW,Genworth Financial,financials,-0.0021786990303690468,0.017777760823567634,0.19895288056146443,0.06891017344033146,-0.3582418948742656,-0.794219077045749,0,1,1
172,2018-07-07,4.739999771118164,4.579999923706055,4.619999885559082,4.670000076293945,2845100,4.670000076293945,GNW,Genworth Financial,financials,0.019650688665309834,0.0263736001162016,0.2553763549401451,0.37803932965223286,0.5383908294582027,-0.32336853120243536,1,1,1
173,2018-07-08,4.739999771118164,4.579999923706055,4.619999885559082,4.670000076293945,2845100,4.670000076293945,GNW,Genworth Financial,financials,0.0,0.0263736001162016,0.2257218232100553,0.0,0.5383908294582027,-0.49381749604141834,1,1,1
174,2018-07-09,4.739999771118164,4.579999923706055,4.619999885559082,4.670000076293945,2845100,4.670000076293945,GNW,Genworth Financial,financials,0.0,0.0263736001162016,-0.031120350627649285,0.0,0.5383908294582027,-0.8948681186304144,1,0,1
175,2018-07-10,4.75,4.579999923706055,4.699999809265137,4.610000133514403,3517600,4.610000133514403,GNW,Genworth Financial,financials,-0.012847953276085788,0.0267261399807055,-0.0435684710929356,0.23637130505078918,1.5925707547169812,-0.8700179586286407,0,0,1
176,2018-07-11,4.610000133514403,4.53000020980835,4.5900001525878915,4.53000020980835,2336900,4.53000020980835,GNW,Genworth Financial,financials,-0.01735356212344974,-0.013071882523950085,-0.060165965046650394,-0.33565499204002724,0.2098886875485375,-0.9136470796904907,0,0,0
177,2018-07-12,4.650000095367432,4.519999980926514,4.550000190734863,4.579999923706055,1655300,4.579999923706055,GNW,Genworth Financial,financials,0.011037463925375857,-0.0021786990303690468,-0.033755243700015036,-0.2916684496555265,-0.14299767020450427,-0.8073574936573331,1,0,0
178,2018-07-13,4.639999866485597,4.559999942779541,4.619999885559082,4.610000133514403,1191200,4.610000133514403,GNW,Genworth Financial,financials,0.0065502642594093,0.0065502642594093,-0.01914886795810422,-0.28037213798103067,-0.4230359391649714,-0.8515250096598487,1,0,1
179,2018-07-14,4.670000076293945,4.579999923706055,4.610000133514403,4.650000095367432,2052100,4.650000095367432,GNW,Genworth Financial,financials,0.008676781061725203,-0.004282651092028522,-0.012738841251293542,0.722716588314305,-0.2787248251379565,-0.6352729987203185,1,0,0
180,2018-07-15,4.670000076293945,4.579999923706055,4.610000133514403,4.650000095367432,2052100,4.650000095367432,GNW,Genworth Financial,financials,0.0,-0.004282651092028522,0.0,0.0,-0.2787248251379565,-0.6890380652200268,1,1,0
181,2018-07-16,4.670000076293945,4.579999923706055,4.610000133514403,4.650000095367432,2052100,4.650000095367432,GNW,Genworth Financial,financials,0.0,-0.004282651092028522,0.01528388053000973,0.0,-0.2787248251379565,-0.5329448983772219,1,1,0
182,2018-07-17,4.679999828338623,4.5900001525878915,4.6599998474121085,4.619999885559082,2792500,4.619999885559082,GNW,Genworth Financial,financials,-0.00645165789098312,0.002169143547736896,0.008733616270600209,0.3608011305491936,-0.20613486468046394,-0.3644308896829551,0,1,1
183,2018-07-18,4.699999809265137,4.5900001525878915,4.610000133514403,4.699999809265137,2526800,4.699999809265137,GNW,Genworth Financial,financials,0.01731600123110688,0.037527503660751416,0.026200848811800848,-0.09514771709937331,0.08126150027814627,-0.42490383958850175,1,1,1
184,2018-07-19,4.690000057220459,4.639999866485597,4.679999828338623,4.670000076293945,1255100,4.670000076293945,GNW,Genworth Financial,financials,-0.006382922167795124,0.019650688665309834,0.03547668276987603,-0.5032847870824759,-0.24176886365009365,-0.81692339109633,0,1,1
185,2018-07-20,4.6599998474121085,4.599999904632568,4.639999866485597,4.639999866485597,1238400,4.639999866485597,GNW,Genworth Financial,financials,-0.006424027691270706,0.006507534078599386,0.019780147687465943,-0.01330571269221581,0.0396239086635326,-0.7975114046992267,0,1,1
186,2018-07-21,4.739999771118164,4.619999885559082,4.619999885559082,4.699999809265137,1419700,4.699999809265137,GNW,Genworth Financial,financials,0.012931022522848723,0.010752626424140876,0.0444444020589192,0.14639857881136953,-0.308172116368598,-0.7855794354412409,1,1,1
187,2018-07-22,4.739999771118164,4.619999885559082,4.619999885559082,4.699999809265137,1419700,4.699999809265137,GNW,Genworth Financial,financials,0.0,0.010752626424140876,0.04212850792480061,0.0,-0.308172116368598,-0.75121788805944,1,1,1
188,2018-07-23,4.739999771118164,4.619999885559082,4.619999885559082,4.699999809265137,1419700,4.699999809265137,GNW,Genworth Financial,financials,0.0,0.010752626424140876,0.06334835478237455,0.0,-0.308172116368598,-0.5095349961998203,1,1,1
189,2018-07-24,4.730000019073486,4.610000133514403,4.699999809265137,4.6599998474121085,1443100,4.6599998474121085,GNW,Genworth Financial,financials,-0.008510630526872842,0.008658000615553219,0.054298589813463805,0.016482355427202888,-0.48322291853178156,-0.5014509776825813,0,1,1
190,2018-07-25,4.71999979019165,4.619999885559082,4.650000095367432,4.699999809265137,3796200,4.699999809265137,GNW,Genworth Financial,financials,0.008583683082144633,0.0,0.06334835478237455,1.6305869309126186,0.5023745448788983,0.31147654252746504,1,1,1
191,2018-07-26,4.739999771118164,4.639999866485597,4.710000038146973,4.650000095367432,1805700,4.650000095367432,GNW,Genworth Financial,financials,-0.01063823743123149,-0.004282651092028522,0.0520362025120904,-0.5243401296032875,0.4386901442116167,-0.35572840475256007,0,1,0
192,2018-07-27,4.670000076293945,4.570000171661377,4.650000095367432,4.610000133514403,1983700,4.610000133514403,GNW,Genworth Financial,financials,-0.008602142157562165,-0.00646545987810887,0.05977016886941677,0.09857672924627559,0.6018249354005167,-0.2005722575965181,0,1,0
193,2018-07-28,4.650000095367432,4.559999942779541,4.619999885559082,4.579999923706055,1614000,4.579999923706055,GNW,Genworth Financial,financials,-0.006507637513988196,-0.02553189158061786,0.04090905100846176,-0.18636890658869787,0.13685989997886883,-0.1075476914570086,0,1,0
194,2018-07-29,4.650000095367432,4.559999942779541,4.619999885559082,4.579999923706055,1614000,4.579999923706055,GNW,Genworth Financial,financials,0.0,-0.02553189158061786,0.017777760823567634,0.0,0.13685989997886883,-0.4983059276988592,1,1,0
195,2018-07-30,4.650000095367432,4.559999942779541,4.619999885559082,4.579999923706055,1614000,4.579999923706055,GNW,Genworth Financial,financials,0.0,-0.02553189158061786,0.006593347629364921,0.0,0.13685989997886883,-0.12728452471071694,1,1,0
196,2018-07-31,4.619999885559082,4.519999980926514,4.619999885559082,4.599999904632568,2429900,4.599999904632568,GNW,Genworth Financial,financials,0.004366808135300104,-0.012875524623216617,0.010988947648731706,0.5055142503097894,0.6838056960709584,0.31388558451389637,1,1,0
197,2018-08-01,4.71999979019165,4.599999904632568,4.650000095367432,4.6599998474121085,3558300,4.6599998474121085,GNW,Genworth Financial,financials,0.013043466092056866,-0.008510630526872842,0.024175747706832285,0.4643812502572122,-0.06266793108898372,0.9240294149453876,1,1,0
198,2018-08-02,4.679999828338623,4.599999904632568,4.650000095367432,4.599999904632568,3451200,4.599999904632568,GNW,Genworth Financial,financials,-0.012875524623216617,-0.010752728969764092,0.024498917399055964,-0.030098642610235204,0.911280943678352,1.543632075471698,0,1,0
199,2018-08-03,4.630000114440918,4.539999961853027,4.5900001525878915,4.579999923706055,1554000,4.579999923706055,GNW,Genworth Financial,financials,-0.004347822030685733,-0.006507637513988196,-0.0021786990303690468,-0.549721835883171,-0.21661541563744513,-0.19544395547501936,0,0,0
200,2018-08-04,4.5900001525878915,4.539999961853027,4.579999923706055,4.579999923706055,2568200,4.579999923706055,GNW,Genworth Financial,financials,0.0,0.0,-0.0021786990303690468,0.6526383526383526,0.5912019826517967,0.3296401760289931,1,0,1
201,2018-08-05,4.5900001525878915,4.539999961853027,4.579999923706055,4.579999923706055,2568200,4.579999923706055,GNW,Genworth Financial,financials,0.0,0.0,0.0,0.0,0.5912019826517967,0.24392134069553428,1,1,1
202,2018-08-06,4.5900001525878915,4.539999961853027,4.579999923706055,4.579999923706055,2568200,4.579999923706055,GNW,Genworth Financial,financials,0.0,0.0,-0.019271980967356606,0.0,0.5912019826517967,-0.0973252258268602,1,0,1
203,2018-08-07,4.619999885559082,4.25,4.5900001525878915,4.3400001525878915,12407400,4.3400001525878915,GNW,Genworth Financial,financials,-0.052401697623601584,-0.056521686398914084,-0.07066379407169898,3.831165797056304,4.106136054981686,3.360971494850796,0,0,0
204,2018-08-08,4.449999809265137,4.320000171661377,4.3400001525878915,4.400000095367432,2734600,4.400000095367432,GNW,Genworth Financial,financials,0.013824871122127158,-0.055793940033939116,-0.05781584079561353,-0.7795992714025501,-0.2314869460135458,-0.038838705142174246,1,0,0
205,2018-08-09,4.46999979019165,4.4099998474121085,4.4099998474121085,4.440000057220459,2383200,4.440000057220459,GNW,Genworth Financial,financials,0.009090900224102638,-0.03478257624548575,-0.03687637123002552,-0.12850142616836102,-0.3094575799721836,-0.32249260859677054,1,0,0
206,2018-08-10,4.460000038146973,4.360000133514403,4.380000114440918,4.449999809265137,1708100,4.449999809265137,GNW,Genworth Financial,financials,0.0022521963774337905,-0.028384304935910154,-0.01766013175231118,-0.2832745887881839,0.09916344916344921,-0.26907441482305616,1,0,0
207,2018-08-11,4.5900001525878915,4.400000095367432,4.46999979019165,4.550000190734863,3182700,4.550000190734863,GNW,Genworth Financial,financials,0.022471996799083183,-0.006550160146491013,-0.006550160146491013,0.8632984017329197,0.2392726423175766,0.9227330393282185,1,0,0
208,2018-08-12,4.5900001525878915,4.400000095367432,4.46999979019165,4.550000190734863,3182700,4.550000190734863,GNW,Genworth Financial,financials,0.0,-0.006550160146491013,-0.013015171592587249,0.0,0.2392726423175766,1.6718435191403627,1,0,0
209,2018-08-13,4.5900001525878915,4.400000095367432,4.46999979019165,4.550000190734863,3182700,4.550000190734863,GNW,Genworth Financial,financials,0.0,-0.006550160146491013,-0.021505355393904968,0.0,0.2392726423175766,0.5509478095609375,1,0,0
210,2018-08-14,4.630000114440918,4.550000190734863,4.559999942779541,4.599999904632568,1989300,4.599999904632568,GNW,Genworth Financial,financials,0.010988947648731706,0.059907774862552055,-0.010752728969764092,-0.3749646526534075,-0.8396682624885149,-0.030602797134642534,1,0,1
211,2018-08-15,4.5900001525878915,4.429999828338623,4.5900001525878915,4.489999771118164,2686200,4.489999771118164,GNW,Genworth Financial,financials,-0.023913072998898444,0.020454471318191336,-0.03440867117587121,0.3503242346554065,-0.017699115044247815,0.30900053603625555,0,0,1
212,2018-08-16,4.610000133514403,4.489999771118164,4.53000020980835,4.570000171661377,2753900,4.570000171661377,GNW,Genworth Financial,financials,0.017817462053743016,0.029279304676923967,-0.010822449163687464,0.02520288883925237,0.15554716347767705,-0.013822739480751967,1,0,1
213,2018-08-17,4.599999904632568,4.510000228881836,4.53000020980835,4.519999980926514,4736000,4.519999980926514,GNW,Genworth Financial,financials,-0.010940960362521457,0.01573037632847374,-0.038297837370926735,0.7197429100548314,1.7726713892629236,0.8743074244103213,0,0,1
214,2018-08-18,4.599999904632568,4.53000020980835,4.550000190734863,4.579999923706055,1867500,4.579999923706055,GNW,Genworth Financial,financials,0.013274323679807187,0.006593347629364921,-0.019271980967356606,-0.6056798986486487,-0.4132340465642379,0.48792924866544496,1,0,1
215,2018-08-19,4.599999904632568,4.53000020980835,4.550000190734863,4.579999923706055,1867500,4.579999923706055,GNW,Genworth Financial,financials,0.0,0.006593347629364921,-0.012931022522849056,0.0,-0.4132340465642379,0.5079941860465116,1,0,1
216,2018-08-20,4.599999904632568,4.53000020980835,4.550000190734863,4.579999923706055,1867500,4.579999923706055,GNW,Genworth Financial,financials,0.0,0.006593347629364921,-0.02553189158061786,0.0,-0.4132340465642379,0.31541875044023393,1,0,1
217,2018-08-21,4.599999904632568,4.539999961853027,4.5900001525878915,4.570000171661377,1868900,4.570000171661377,GNW,Genworth Financial,financials,-0.002183352011190909,-0.006521681215901576,-0.02765949848497673,0.0007496653279785992,-0.06052380234253252,0.3164048742692118,0,0,0
218,2018-08-22,4.610000133514403,4.550000190734863,4.550000190734863,4.5900001525878915,1868200,4.5900001525878915,GNW,Genworth Financial,financials,0.004376363276862527,0.02227180101722448,-0.023404183221540142,-0.00037455187543478097,-0.3045193954284864,0.3159118123547229,1,0,1
219,2018-08-23,4.599999904632568,4.510000228881836,4.570000171661377,4.550000190734863,1845200,4.550000190734863,GNW,Genworth Financial,financials,-0.008714588349300167,-0.004376363276862416,-0.023605077313110345,-0.012311315704956693,-0.32996840843894115,0.27863626914281747,0,0,0
220,2018-08-24,4.5900001525878915,4.53000020980835,4.559999942779541,4.570000171661377,1381100,4.570000171661377,GNW,Genworth Financial,financials,0.0043956000193670075,0.011061989147312934,-0.02765949848497673,-0.2515174506828528,-0.7083826013513513,-0.6361888203993467,1,0,1
221,2018-08-25,4.6599998474121085,4.570000171661377,4.570000171661377,4.650000095367432,1931900,4.650000095367432,GNW,Genworth Financial,financials,0.017505453107449664,0.01528388053000973,0.0,0.3988125407284049,0.034484605087014675,0.06988979343191004,1,1,1
222,2018-08-26,4.6599998474121085,4.570000171661377,4.570000171661377,4.650000095367432,1931900,4.650000095367432,GNW,Genworth Financial,financials,0.0,0.01528388053000973,0.008676781061725203,0.0,0.034484605087014675,-0.02611281947875188,1,1,1
223,2018-08-27,4.6599998474121085,4.570000171661377,4.570000171661377,4.650000095367432,1931900,4.650000095367432,GNW,Genworth Financial,financials,0.0,0.01528388053000973,0.01528388053000973,0.0,0.034484605087014675,0.19696406443618342,1,1,1
224,2018-08-28,4.639999866485597,4.5900001525878915,4.639999866485597,4.610000133514403,902400,4.610000133514403,GNW,Genworth Financial,financials,-0.008602142157562165,0.00875272655372461,0.0065502642594093,-0.5328950773849579,-0.5171491251538338,-0.44089219330855023,0,1,1
225,2018-08-29,4.630000114440918,4.579999923706055,4.630000114440918,4.619999885559082,927800,4.619999885559082,GNW,Genworth Financial,financials,0.002169143547736896,0.006535889318930899,0.008733616270600209,0.02814716312056742,-0.5033722299539665,-0.42515489467162326,1,1,1
226,2018-08-30,4.690000057220459,4.579999923706055,4.599999904632568,4.639999866485597,1870800,4.639999866485597,GNW,Genworth Financial,financials,0.004329000307776942,0.019780147687465943,0.008695644061371688,1.0163828411295537,0.013873834814654318,-0.2300917733240051,1,1,1
227,2018-08-31,4.679999828338623,4.619999885559082,4.630000114440918,4.650000095367432,1279600,4.650000095367432,GNW,Genworth Financial,financials,0.0021552218037905746,0.017505453107449664,-0.0021458696077490957,-0.316014539234552,-0.07349214394323367,-0.6403900739116994,1,0,1
228,2018-09-01,4.650000095367432,4.5900001525878915,4.650000095367432,4.619999885559082,1114000,4.619999885559082,GNW,Genworth Financial,financials,-0.00645165789098312,-0.00645165789098312,0.004347822030685622,-0.12941544232572677,-0.4233655986334697,-0.6772137227630969,0,1,0
229,2018-09-02,4.650000095367432,4.5900001525878915,4.650000095367432,4.619999885559082,1114000,4.619999885559082,GNW,Genworth Financial,financials,0.0,-0.00645165789098312,0.008733616270600209,0.0,-0.4233655986334697,-0.28314028314028317,1,1,0
230,2018-09-03,4.650000095367432,4.5900001525878915,4.650000095367432,4.619999885559082,1114000,4.619999885559082,GNW,Genworth Financial,financials,0.0,-0.00645165789098312,0.008733616270600209,0.0,-0.4233655986334697,-0.5662331594112608,1,1,0
231,2018-09-04,4.650000095367432,4.5900001525878915,4.650000095367432,4.619999885559082,1114000,4.619999885559082,GNW,Genworth Financial,financials,0.0,0.002169143547736896,0.008733616270600209,0.0,0.23448581560283688,-0.5662331594112608,1,1,1
232,2018-09-05,4.650000095367432,4.610000133514403,4.639999866485597,4.630000114440918,2200700,4.630000114440918,GNW,Genworth Financial,financials,0.0021645517596426966,0.0021645517596426966,0.010917072394709626,0.9754937163375224,1.3719551627505928,-0.14309633206136596,1,1,1
233,2018-09-06,4.639999866485597,4.539999961853027,4.639999866485597,4.559999942779541,2050300,4.559999942779541,GNW,Genworth Financial,financials,-0.015118827198955631,-0.017241363363798667,0.050691194114466986,-0.06834189121643108,0.09594825742997659,-0.8347518416428905,0,1,0
234,2018-09-07,4.570000171661377,4.510000228881836,4.550000190734863,4.53000020980835,1530900,4.53000020980835,GNW,Genworth Financial,financials,-0.006578888892025958,-0.02580642647268594,0.029545479914373063,-0.2533287811539775,0.1963894967177242,-0.44017406567688144,0,1,0
235,2018-09-08,4.559999942779541,4.460000038146973,4.550000190734863,4.550000190734863,1617100,4.550000190734863,GNW,Genworth Financial,financials,0.004415006622562556,-0.015151449471464185,0.02477480452630143,0.05630674766477228,0.4516157989228007,-0.32145854313528033,1,1,0
236,2018-09-09,4.559999942779541,4.460000038146973,4.550000190734863,4.550000190734863,1617100,4.550000190734863,GNW,Genworth Financial,financials,0.0,-0.015151449471464185,0.022471996799083183,0.0,0.4516157989228007,-0.05327556934605704,1,1,0
237,2018-09-10,4.559999942779541,4.460000038146973,4.550000190734863,4.550000190734863,1617100,4.550000190734863,GNW,Genworth Financial,financials,0.0,-0.015151449471464185,0.0,0.0,0.4516157989228007,-0.49190938511326865,1,1,0
238,2018-09-11,4.550000190734863,4.480000019073486,4.539999961853027,4.550000190734863,1518600,4.550000190734863,GNW,Genworth Financial,financials,0.0,-0.015151449471464185,0.0,-0.060911508255519164,0.36319569120287243,-0.5228579507964936,1,1,0
239,2018-09-12,4.559999942779541,4.5,4.53000020980835,4.53000020980835,1808300,4.53000020980835,GNW,Genworth Financial,financials,-0.0043956000193668965,-0.021598251006661906,-0.0043956000193668965,0.19076781245884367,-0.1783069023492525,-0.43183460583781064,0,0,0
240,2018-09-13,4.579999923706055,4.519999980926514,4.539999961853027,4.539999961853027,1313900,4.539999961853027,GNW,Genworth Financial,financials,0.0022074506802507443,-0.004385960784535126,-0.013043466092057199,-0.2734059614002101,-0.35916695117787645,-0.3395164128085256,1,0,0
241,2018-09-14,4.619999885559082,4.420000076293945,4.5900001525878915,4.440000057220459,3147900,4.440000057220459,GNW,Genworth Financial,financials,-0.02202641089709456,-0.019867582432562036,-0.011135794308794189,1.3958444326052213,1.056241426611797,0.1718784900603083,0,0,0
242,2018-09-15,4.519999980926514,4.079999923706056,4.5,4.130000114440918,7497700,4.130000114440918,GNW,Genworth Financial,financials,-0.06981980603252691,-0.09230770520607645,-0.09628009643170354,1.3818100956193016,3.636509801496506,1.7225752569083843,0,0,0
243,2018-09-16,4.519999980926514,4.079999923706056,4.5,4.130000114440918,7497700,4.130000114440918,GNW,Genworth Financial,financials,0.0,-0.09230770520607645,-0.08628315666622044,0.0,3.636509801496506,0.583129222972973,1,0,0
244,2018-09-17,4.519999980926514,4.079999923706056,4.5,4.130000114440918,7497700,4.130000114440918,GNW,Genworth Financial,financials,0.0,-0.09230770520607645,-0.0982532351007126,0.0,3.636509801496506,3.0148326639892904,1,0,0
245,2018-09-18,4.320000171661377,3.9800000190734863,4.139999866485597,3.990000009536743,6336300,3.990000009536743,GNW,Genworth Financial,financials,-0.03389832954596095,-0.12307695774133043,-0.1288209441042728,-0.154900836256452,3.1724614776768076,2.3929317269076305,0,0,0
246,2018-09-19,4.329999923706056,4.019999980926514,4.019999980926514,4.320000171661377,3752900,4.320000171661377,GNW,Genworth Financial,financials,0.08270680735235092,-0.04635762216793737,-0.05676850575890202,-0.40771428120511966,1.075374661284079,1.0095850066934404,1,0,0
247,2018-09-20,4.480000019073486,4.320000171661377,4.3400001525878915,4.420000076293945,3971700,4.420000076293945,GNW,Genworth Financial,financials,0.02314812515252984,-0.026431693076513496,-0.032822776746833426,0.058301580111380424,2.0228327878834005,1.125153833805982,1,0,0
248,2018-09-21,4.389999866485597,4.260000228881837,4.389999866485597,4.260000228881837,5202000,4.260000228881837,GNW,Genworth Financial,financials,-0.036199059875642425,-0.04054050135560272,-0.07189540582476828,0.30976659868570144,0.6525302582674164,1.784498447703672,0,0,0
249,2018-09-22,4.25,4.050000190734863,4.25,4.139999866485597,3005900,4.139999866485597,GNW,Genworth Financial,financials,-0.02816909764057407,0.002421247401353188,-0.09010995759607832,-0.422164552095348,-0.5990903877189004,0.6290375027097335,0,0,1
250,2018-09-23,4.25,4.050000190734863,4.25,4.139999866485597,3005900,4.139999866485597,GNW,Genworth Financial,financials,0.0,0.002421247401353188,-0.09409196696363753,0.0,-0.5990903877189004,1.1764535515169068,1,0,1
251,2018-09-24,4.25,4.050000190734863,4.25,4.139999866485597,3005900,4.139999866485597,GNW,Genworth Financial,financials,0.0,0.002421247401353188,-0.10967746632734987,0.0,-0.5990903877189004,0.5559293959314664,1,0,1
252,2018-09-25,4.25,4.130000114440918,4.1599998474121085,4.170000076293944,2671200,4.170000076293944,GNW,Genworth Financial,financials,0.0072464277236352626,0.04511279857818851,-0.10322580843636708,-0.11134768289031571,-0.5784290516547512,0.38268026295356905,1,0,1
253,2018-09-26,4.2199997901916495,4.130000114440918,4.170000076293944,4.139999866485597,1313100,4.139999866485597,GNW,Genworth Financial,financials,-0.007194294786442845,-0.04166673565352108,-0.10967746632734987,-0.508423180592992,-0.650110581150577,-0.3203064340804389,0,0,0
254,2018-09-27,4.170000076293944,4.0900001525878915,4.119999885559082,4.099999904632568,1286500,4.099999904632568,GNW,Genworth Financial,financials,-0.009661826846140364,-0.0723982276329933,-0.110629113690077,-0.020257406138146417,-0.6760832892715966,0.42564273049645385,0,0,0
255,2018-09-28,4.199999809265137,4.079999923706056,4.079999923706056,4.170000076293944,2015300,4.170000076293944,GNW,Genworth Financial,financials,0.01707321299746445,-0.021126795247031205,-0.09740255853073065,0.5664982510687913,-0.6125913110342176,1.172127613709851,1,0,0
256,2018-09-29,4.239999771118163,4.110000133514403,4.190000057220459,4.139999866485597,1641400,4.139999866485597,GNW,Genworth Financial,financials,-0.007194294786442845,0.0,-0.10775862379037249,-0.18553069021981838,-0.4539405835190792,-0.12262133846482792,0,0,1
257,2018-09-30,4.239999771118163,4.110000133514403,4.190000057220459,4.139999866485597,1641400,4.139999866485597,GNW,Genworth Financial,financials,0.0,0.0,-0.10967746632734987,0.0,-0.4539405835190792,0.28274460768990317,1,0,1
258,2018-10-01,4.239999771118163,4.110000133514403,4.190000057220459,4.139999866485597,1641400,4.139999866485597,GNW,Genworth Financial,financials,0.0,0.0,-0.10389611059814974,0.0,-0.4539405835190792,0.4734290843806104,1,0,1
259,2018-10-02,4.199999809265137,4.099999904632568,4.139999866485597,4.119999885559082,1330700,4.119999885559082,GNW,Genworth Financial,financials,-0.004830913423070293,-0.011990453194259842,-0.10822511090592668,-0.18928963080297312,-0.5018343815513626,0.19452423698384202,0,0,0
260,2018-10-03,4.190000057220459,4.070000171661377,4.139999866485597,4.190000057220459,1512500,4.190000057220459,GNW,Genworth Financial,financials,0.01699033339945788,0.012077341146705667,-0.09307355822295382,0.13661982415270169,0.15185439037392423,0.3577199281867145,1,0,1
261,2018-10-04,4.2199997901916495,4.130000114440918,4.1599998474121085,4.139999866485597,1150500,4.139999866485597,GNW,Genworth Financial,financials,-0.011933219582825338,0.00975608848376619,-0.10389611059814974,-0.23933884297520658,-0.10571317528177226,0.03276481149012578,0,0,1
262,2018-10-05,4.179999828338623,4.0399999618530265,4.170000076293944,4.079999923706056,1480500,4.079999923706056,GNW,Genworth Financial,financials,-0.014492740269210325,-0.02158277000989306,-0.1187905350195172,0.2868318122555411,-0.2653699201111497,-0.327259508338256,0,0,0
263,2018-10-06,4.179999828338623,4.070000171661377,4.079999923706056,4.139999866485597,1303600,4.139999866485597,GNW,Genworth Financial,financials,0.014705868603311245,0.0,-0.09210528104479188,-0.11948665991219187,-0.2057999268916778,-0.36419060625274347,1,0,1
264,2018-10-07,4.179999828338623,4.070000171661377,4.079999923706056,4.139999866485597,1303600,4.139999866485597,GNW,Genworth Financial,financials,0.0,0.0,-0.08609278703306122,0.0,-0.2057999268916778,-0.14847475341302507,1,0,1
265,2018-10-08,4.179999828338623,4.070000171661377,4.079999923706056,4.139999866485597,1303600,4.139999866485597,GNW,Genworth Financial,financials,0.0,0.0,-0.09010995759607832,0.0,-0.2057999268916778,-0.19386556180817516,1,0,1
266,2018-10-09,4.269999980926514,4.110000133514403,4.110000133514403,4.230000019073486,2235200,4.230000019073486,GNW,Genworth Financial,financials,0.02173916799284581,0.026699062274240237,-0.07032970510924186,0.7146363915311444,0.6797174419478469,0.38222744419021715,1,0,1
267,2018-10-10,4.269999980926514,4.0900001525878915,4.2100000381469735,4.0900001525878915,2279800,4.0900001525878915,GNW,Genworth Financial,financials,-0.03309689500102164,-0.0238663253620347,-0.10109890524481013,0.019953471725125294,0.5073057851239668,0.4098076804155588,0,0,0
268,2018-10-11,4.110000133514403,3.890000104904175,4.050000190734863,4.0399999618530265,4114500,4.0399999618530265,GNW,Genworth Financial,financials,-0.012224985053662651,-0.02415456711535091,-0.11208795769291335,0.8047635757522589,2.5762711864406778,1.7094033978664558,0,0,0
269,2018-10-12,4.130000114440918,3.839999914169312,4.130000114440918,3.9800000190734863,3713100,3.9800000190734863,GNW,Genworth Financial,financials,-0.01485147112526708,-0.024509781005518927,-0.121412840013562,-0.09755741888443314,1.5080040526849037,1.0533650389868936,0,0,0
270,2018-10-13,4.0300002098083505,3.940000057220459,3.9800000190734863,3.9600000381469727,2062100,3.9600000381469727,GNW,Genworth Financial,financials,-0.005025120811725348,-0.043478220807631085,-0.1277532882333603,-0.4446419433896205,0.5818502608162013,0.56944972981201,0,0,0
271,2018-10-14,4.0300002098083505,3.940000057220459,3.9800000190734863,3.9600000381469727,2062100,3.9600000381469727,GNW,Genworth Financial,financials,0.0,-0.043478220807631085,-0.10810811101069606,0.0,0.5818502608162013,-0.3449283649417072,1,0,0
272,2018-10-15,4.0300002098083505,3.940000057220459,3.9800000190734863,3.9600000381469727,2062100,3.9600000381469727,GNW,Genworth Financial,financials,0.0,-0.043478220807631085,-0.04116224493542375,0.0,0.5818502608162013,-0.7249689904904171,1,0,0
273,2018-10-16,3.9600000381469727,3.670000076293945,3.9600000381469727,3.809999942779541,6212000,3.809999942779541,GNW,Genworth Financial,financials,-0.03787881159658324,-0.09929079773052574,-0.07748187961120567,2.012463023131759,1.7791696492483893,-0.17147925363778227,0,0,0
274,2018-10-17,3.9300000667572017,3.690000057220459,3.809999942779541,3.910000085830689,4066900,3.910000085830689,GNW,Genworth Financial,financials,0.02624675710052471,-0.04400979463125687,-0.05326877058452839,-0.3453155183515776,0.7838845512764279,-0.45758032463288745,1,0,0
275,2018-10-18,3.940000057220459,3.869999885559082,3.880000114440918,3.880000114440918,2348800,3.880000114440918,GNW,Genworth Financial,financials,-0.007672626785479308,-0.03960392300071247,-0.027568895948097194,-0.42245936708549514,-0.42914084335885283,-0.6293104808800088,0,0,0
276,2018-10-19,4.0300002098083505,3.8199999332427983,3.839999914169312,3.940000057220459,2602900,3.940000057220459,GNW,Genworth Financial,financials,0.015463902322123246,-0.010050241623450806,-0.08796298595858121,0.10818290190735702,-0.2989954485470362,-0.3064296943696875,1,0,0
277,2018-10-20,4.0,3.9500000476837163,3.9700000286102295,3.9800000190734863,1314600,3.9800000190734863,GNW,Genworth Financial,financials,0.010152274434545472,0.005050500185316276,-0.09954752253972532,-0.4949479426793192,-0.362494544396489,-0.6690082332502455,1,0,1
278,2018-10-21,4.0,3.9500000476837163,3.9700000286102295,3.9800000190734863,1314600,3.9800000190734863,GNW,Genworth Financial,financials,0.0,0.005050500185316276,-0.06572774524987401,0.0,-0.362494544396489,-0.7472895040369089,1,0,1
279,2018-10-22,4.0,3.9500000476837163,3.9700000286102295,3.9800000190734863,1314600,3.9800000190734863,GNW,Genworth Financial,financials,0.0,0.005050500185316276,-0.038647307384561014,0.0,-0.362494544396489,-0.5626601017997938,1,0,1
280,2018-10-23,4.010000228881837,3.880000114440918,3.9300000667572017,3.9300000667572017,3426700,3.9300000667572017,GNW,Genworth Financial,financials,-0.012562802029313591,0.03149609600521841,-0.05072459094223636,1.6066484101627871,-0.4483741146168706,0.13999135034432286,0,0,1
281,2018-10-24,3.920000076293945,3.75,3.920000076293945,3.75,4351800,3.75,GNW,Genworth Financial,financials,-0.045801542926111716,-0.04092073716583988,-0.09420286933889765,0.26996819097090485,0.07005335759423637,0.44775275291925887,0,0,0
282,2018-10-25,3.869999885559082,3.75,3.7699999809265137,3.75,2398800,3.75,GNW,Genworth Financial,financials,0.0,-0.033505183146019135,-0.10071944091358775,-0.44877981524886257,0.021287465940054595,-0.10197663971248871,1,0,0
283,2018-10-26,3.7699999809265137,3.5999999046325684,3.7300000190734863,3.609999895095825,3052600,3.609999895095825,GNW,Genworth Financial,financials,-0.03733336130777998,-0.08375638510965866,-0.12801932088941903,0.27255294313823586,0.17276883476122795,1.3247277435077298,0,0,0
284,2018-10-27,4.440000057220459,4.070000171661377,4.25,4.2199997901916495,13641000,4.2199997901916495,GNW,Genworth Financial,financials,0.1689750451030505,0.060301449740704616,0.02926826545129768,3.4686496756863,9.376540392514833,9.603186941313641,1,1,1
285,2018-10-28,4.440000057220459,4.070000171661377,4.25,4.2199997901916495,13641000,4.2199997901916495,GNW,Genworth Financial,financials,0.0,0.060301449740704616,0.0119903388448237,0.0,9.376540392514833,5.768719297375081,1,1,1
286,2018-10-29,4.440000057220459,4.070000171661377,4.25,4.2199997901916495,13641000,4.2199997901916495,GNW,Genworth Financial,financials,0.0,0.060301449740704616,0.019323653692280063,0.0,9.376540392514833,7.31058852199342,1,1,1
287,2018-10-30,4.2199997901916495,4.119999885559082,4.2100000381469735,4.2199997901916495,3357500,4.2199997901916495,GNW,Genworth Financial,financials,0.0,0.07379127697413446,0.019323653692280063,-0.7538670185470273,-0.020194356086030263,1.045509930547094,1,1,1
288,2018-10-31,4.420000076293945,4.170000076293944,4.239999771118163,4.2800002098083505,10275400,4.2800002098083505,GNW,Genworth Financial,financials,0.014218109620800723,0.14133338928222683,0.03381650913955192,2.0604318689501118,1.361183877935567,5.260143779700256,1,1,1
289,2018-11-01,4.269999980926514,4.010000228881837,4.25,4.070000171661377,14982800,4.070000171661377,GNW,Genworth Financial,financials,-0.049065427068373135,0.08533337910970062,-0.012135853224889193,0.458123284738307,5.245956311489078,10.259337190952131,0,0,1
290,2018-11-02,4.1599998474121085,3.9700000286102295,4.0300002098083505,4.1599998474121085,7262900,4.1599998474121085,GNW,Genworth Financial,financials,0.022112941512234308,0.15235456185565455,-0.007159954510418731,-0.515250820941346,1.379250475004914,3.8019173553719012,1,0,1
291,2018-11-03,4.329999923706056,4.1599998474121085,4.179999828338623,4.300000190734863,4071300,4.300000190734863,GNW,Genworth Financial,financials,0.033653929917773384,0.018957441829536403,0.03864742256262188,-0.4394387916672403,-0.7015394765779635,2.538722294654498,1,1,1
292,2018-11-04,4.329999923706056,4.1599998474121085,4.179999828338623,4.300000190734863,4071300,4.300000190734863,GNW,Genworth Financial,financials,0.0,0.018957441829536403,0.0539216350839955,0.0,-0.7015394765779635,1.749949341438703,1,1,1
293,2018-11-05,4.329999923706056,4.1599998474121085,4.179999828338623,4.300000190734863,4071300,4.300000190734863,GNW,Genworth Financial,financials,0.0,0.018957441829536403,0.03864742256262188,0.0,-0.7015394765779635,2.1231205891377725,1,1,1
294,2018-11-06,4.559999942779541,4.2800002098083505,4.2800002098083505,4.559999942779541,5783000,4.559999942779541,GNW,Genworth Financial,financials,0.060465055932996226,0.08056876054310202,0.10144929706253314,0.42043082062240567,0.7224125093075204,3.436176741331697,1,1,1
295,2018-11-07,4.699999809265137,4.510000228881836,4.559999942779541,4.699999809265137,6515200,4.699999809265137,GNW,Genworth Financial,financials,0.0307017254917461,0.09813074272620015,0.13526569102402375,0.12661248486944499,-0.3659419584639041,3.9978521018717394,1,1,1
296,2018-11-08,4.820000171661377,4.670000076293945,4.699999809265137,4.710000038146973,4195500,4.710000038146973,GNW,Genworth Financial,financials,0.002127708359077385,0.1572481178113434,0.1134751813023922,-0.3560443271119843,-0.7199789091491577,0.877013242662849,1,1,1
297,2018-11-09,4.739999771118164,4.579999923706055,4.699999809265137,4.630000114440918,4545200,4.630000114440918,GNW,Genworth Financial,financials,-0.0169851216683915,0.11298083756449939,0.13202932560072123,0.08335120962936471,-0.3741893733907943,0.9936836564610931,0,1,1
298,2018-11-10,4.6599998474121085,4.550000190734863,4.650000095367432,4.5900001525878915,3056200,4.5900001525878915,GNW,Genworth Financial,financials,-0.008639300402664585,0.06744184860221303,0.1361386623584513,-0.32759834550734845,-0.24933068061798447,-0.25721229797059186,0,1,1
299,2018-11-11,4.6599998474121085,4.550000190734863,4.650000095367432,4.5900001525878915,3056200,4.5900001525878915,GNW,Genworth Financial,financials,0.0,0.06744184860221303,0.15326636447012087,0.0,-0.24933068061798447,-0.17691416875387145,1,1,1
300,2018-11-12,4.6599998474121085,4.550000190734863,4.650000095367432,4.5900001525878915,3056200,4.5900001525878915,GNW,Genworth Financial,financials,0.0,0.06744184860221303,0.1590909364575963,0.0,-0.24933068061798447,0.4820813733572571,1,1,1
301,2018-11-13,4.71999979019165,4.550000190734863,4.579999923706055,4.5900001525878915,6872500,4.5900001525878915,GNW,Genworth Financial,financials,0.0,0.006578993461579641,0.1590909364575963,1.248707545317715,0.1883970257651737,2.3327675670433052,1,1,1
302,2018-11-14,4.6599998474121085,4.539999961853027,4.599999904632568,4.599999904632568,4699900,4.599999904632568,GNW,Genworth Financial,financials,0.0021785951442809814,-0.021276576317181495,0.16161612634354294,-0.31612950163695885,-0.2786253683693517,1.2791814170020852,1,1,0
303,2018-11-15,4.6599998474121085,4.510000228881836,4.550000190734863,4.610000133514403,4599700,4.610000133514403,GNW,Genworth Financial,financials,0.002173962845469557,-0.02123140208548946,0.20997380649597375,-0.021319602544734972,0.09634131807889412,-0.2595460399227302,1,1,0
304,2018-11-16,4.630000114440918,4.53000020980835,4.570000171661377,4.579999923706055,3265400,4.579999923706055,GNW,Genworth Financial,financials,-0.006507637513988196,-0.010799176997623228,0.17135545349560344,-0.29008413592190796,-0.28157176801900907,-0.19707885613120557,0,1,0
305,2018-11-17,4.650000095367432,4.53000020980835,4.5900001525878915,4.53000020980835,3703900,4.53000020980835,GNW,Genworth Financial,financials,-0.010916968281791228,-0.013071882523950085,0.16752579283392421,0.13428676425552766,0.21192984752306776,0.576932901907357,0,1,0
306,2018-11-18,4.650000095367432,4.53000020980835,4.5900001525878915,4.53000020980835,3703900,4.53000020980835,GNW,Genworth Financial,financials,0.0,-0.013071882523950085,0.1497462294465337,0.0,0.21192984752306776,0.42298974221061125,1,1,0
307,2018-11-19,4.650000095367432,4.53000020980835,4.5900001525878915,4.53000020980835,3703900,4.53000020980835,GNW,Genworth Financial,financials,0.0,-0.013071882523950085,0.1381910020349444,0.0,0.21192984752306776,1.8175110299710937,1,1,0
308,2018-11-20,4.550000190734863,4.300000190734863,4.510000228881836,4.300000190734863,3656300,4.300000190734863,GNW,Genworth Financial,financials,-0.05077262879049993,-0.06318081747546855,0.08040205279593704,-0.012851318880099383,-0.4679810840305566,1.781302297276738,0,1,0
309,2018-11-21,4.489999771118164,4.320000171661377,4.320000171661377,4.46999979019165,1831200,4.46999979019165,GNW,Genworth Financial,financials,0.03953478881770334,-0.028260895029584066,0.12311551979143776,-0.4991658233733556,-0.6103746888231665,0.3929712460063899,1,1,0
310,2018-11-22,4.550000190734863,4.440000057220459,4.449999809265137,4.519999980926514,1236300,4.519999980926514,GNW,Genworth Financial,financials,0.011185725521638101,-0.019522809106575556,0.15012720207308905,-0.32486893840104847,-0.7312216014087876,-0.6392155718329589,1,1,0
311,2018-11-23,4.550000190734863,4.440000057220459,4.449999809265137,4.519999980926514,1236300,4.519999980926514,GNW,Genworth Financial,financials,0.0,-0.013100424405900424,0.2053333282470704,0.0,-0.6213940099222147,-0.7159106576588998,1,1,0
312,2018-11-24,4.559999942779541,4.449999809265137,4.46999979019165,4.53000020980835,2782300,4.53000020980835,GNW,Genworth Financial,financials,0.0022124400274412537,0.0,0.20800005594889326,1.250505540726361,-0.24881881260293204,0.15987160246790055,1,1,1
313,2018-11-25,4.559999942779541,4.449999809265137,4.46999979019165,4.53000020980835,2782300,4.53000020980835,GNW,Genworth Financial,financials,0.0,0.0,0.25484774001305155,0.0,-0.24881881260293204,-0.08854746773242483,1,1,1
314,2018-11-26,4.559999942779541,4.449999809265137,4.46999979019165,4.53000020980835,2782300,4.53000020980835,GNW,Genworth Financial,financials,0.0,0.0,0.07345981872729457,0.0,-0.24881881260293204,-0.7960340151015322,1,1,1
315,2018-11-27,4.53000020980835,4.449999809265137,4.519999980926514,4.510000228881836,2185500,4.510000228881836,GNW,Genworth Financial,financials,-0.004415006622562556,0.04883721600744484,0.06872048651855889,-0.21449879596017685,-0.4022645844159396,-0.8397844732790851,0,1,1
316,2018-11-28,4.929999828338623,4.5,4.5,4.78000020980835,12835300,4.78000020980835,GNW,Genworth Financial,financials,0.05986695503859307,0.06935132755418039,0.13270152783378886,4.872935255090368,6.0092289209261684,-0.05906458470786602,1,1,1
317,2018-11-29,4.789999961853027,4.679999828338623,4.760000228881836,4.71999979019165,2945500,4.71999979019165,GNW,Genworth Financial,financials,-0.012552388490189026,0.04424774559935751,0.11848341821298858,-0.7705156872063762,1.3825123351937232,-0.12271034996276997,0,1,1
318,2018-11-30,4.739999771118164,4.650000095367432,4.690000057220459,4.6599998474121085,4749600,4.6599998474121085,GNW,Genworth Financial,financials,-0.012711852848854788,0.03097342191954988,0.08878495770465711,0.6124936343574945,2.8417859742780878,-0.5377698191797886,0,1,1
319,2018-12-01,4.789999961853027,4.670000076293945,4.71999979019165,4.75,2681300,4.75,GNW,Genworth Financial,financials,0.019313338097612265,0.04856507284818812,0.16707611785211474,-0.43546824995789124,-0.03630090213133019,-0.8210414608751369,1,1,1
320,2018-12-02,4.789999961853027,4.670000076293945,4.71999979019165,4.75,2681300,4.75,GNW,Genworth Financial,financials,0.0,0.04856507284818812,0.1418269649588868,0.0,-0.03630090213133019,-0.6308223987663331,1,1,1
321,2018-12-03,4.789999961853027,4.670000076293945,4.71999979019165,4.75,2681300,4.75,GNW,Genworth Financial,financials,0.0,0.04856507284818812,0.10465111379174896,0.0,-0.03630090213133019,-0.34141429027583325,1,1,1
322,2018-12-04,4.769999980926514,4.550000190734863,4.75,4.550000190734863,5538300,4.550000190734863,GNW,Genworth Financial,financials,-0.04210522300318664,0.008869170692469064,0.05813953230482882,1.065527915563346,1.5341111873713107,0.3603271682263651,0,1,1
323,2018-12-05,4.519999980926514,4.170000076293944,4.519999980926514,4.260000228881837,8436200,4.260000228881837,GNW,Genworth Financial,financials,-0.06373625268050576,-0.10878660211342583,-0.009302316297383872,0.5232472058212809,-0.34273449003918877,1.072114558003586,0,0,0
324,2018-12-06,4.519999980926514,4.170000076293944,4.519999980926514,4.260000228881837,8436200,4.260000228881837,GNW,Genworth Financial,financials,0.0,-0.09745753850788541,-0.06578941176802733,0.0,1.8640977762688848,0.458793014006571,1,0,0
325,2018-12-07,4.46999979019165,4.260000228881837,4.269999980926514,4.329999923706056,4145600,4.329999923706056,GNW,Genworth Financial,financials,0.016431852362269073,-0.07081543659047873,-0.07872338310093085,-0.5085939166923497,-0.1271686036718882,-0.3637033398821218,1,0,0
326,2018-12-08,4.329999923706056,4.2199997901916495,4.309999942779541,4.260000228881837,5008700,4.260000228881837,GNW,Genworth Financial,financials,-0.016166211560647348,-0.1031578465511922,-0.0955413600043572,0.20819664222307988,0.8680117853280125,0.19382671910380167,0,0,0
327,2018-12-09,4.329999923706056,4.2199997901916495,4.309999942779541,4.260000228881837,5008700,4.260000228881837,GNW,Genworth Financial,financials,0.0,-0.1031578465511922,-0.07991358021894113,0.0,0.8680117853280125,0.10197571063979582,1,0,0
328,2018-12-10,4.329999923706056,4.2199997901916495,4.309999942779541,4.260000228881837,5008700,4.260000228881837,GNW,Genworth Financial,financials,0.0,-0.1031578465511922,-0.07189540582476828,0.0,0.8680117853280125,0.6388652575093252,1,0,0
329,2018-12-11,4.369999885559082,4.260000228881837,4.329999923706056,4.309999942779541,2778300,4.309999942779541,GNW,Genworth Financial,financials,0.01173702141110633,-0.05274730503177416,-0.06100222233118735,-0.44530516900592965,-0.4983478684794973,-0.09092991296381125,1,0,0
330,2018-12-12,4.429999828338623,4.320000171661377,4.360000133514403,4.400000095367432,2742000,4.400000095367432,GNW,Genworth Financial,financials,0.020881706214095352,0.0328638166581372,-0.041394346602218746,-0.01306554367778856,-0.6749721438562386,-0.1028074078921537,1,0,1
331,2018-12-13,4.5,4.329999923706056,4.429999828338623,4.400000095367432,3125000,4.400000095367432,GNW,Genworth Financial,financials,0.0,0.0328638166581372,-0.041394346602218746,0.1396790663749088,-0.6295725563642398,-0.5452891960712987,1,0,1
332,2018-12-14,4.5,4.329999923706056,4.329999923706056,4.449999809265137,3385500,4.449999809265137,GNW,Genworth Financial,financials,0.011363571094088698,0.027713599924586774,-0.0326087170602698,0.0833600000000001,-0.1833510227711308,-0.2796655247984,1,0,1
333,2018-12-15,4.510000228881836,4.360000133514403,4.449999809265137,4.369999885559082,3124400,4.369999885559082,GNW,Genworth Financial,financials,-0.0179775117157287,0.025821514264593892,-0.052060789805738805,-0.07712302466400822,-0.3762054025994769,-0.32073830902015343,0,0,1
334,2018-12-16,4.510000228881836,4.360000133514403,4.449999809265137,4.369999885559082,3124400,4.369999885559082,GNW,Genworth Financial,financials,0.0,0.025821514264593892,-0.04585153747711079,0.0,-0.3762054025994769,-0.04318000857475346,1,0,1
335,2018-12-17,4.510000228881836,4.360000133514403,4.449999809265137,4.369999885559082,3124400,4.369999885559082,GNW,Genworth Financial,financials,0.0,0.025821514264593892,-0.03532015824256152,0.0,-0.3762054025994769,-0.15645670779448684,1,0,1
336,2018-12-18,4.429999828338623,4.25,4.429999828338623,4.269999980926514,3874500,4.269999980926514,GNW,Genworth Financial,financials,-0.02288327397056089,-0.009280733731803936,-0.0573951913553743,0.24007809499423893,0.3945578231292517,0.0460595588433812,0,0,0
337,2018-12-19,4.389999866485597,4.150000095367432,4.309999942779541,4.260000228881837,4120100,4.260000228881837,GNW,Genworth Financial,financials,-0.0023418623160057495,-0.03181815078435901,-0.05960264203562493,0.06338882436443405,0.5025893508388037,0.1123680444936419,0,0,0
338,2018-12-20,4.2800002098083505,4.110000133514403,4.269999980926514,4.2199997901916495,4324200,4.2199997901916495,GNW,Genworth Financial,financials,-0.009389773835924542,-0.04090915938054107,-0.018604743487125708,0.04953763258173338,0.3837440000000001,0.18267100620846222,0,0,0
339,2018-12-21,4.570000171661377,4.119999885559082,4.199999809265137,4.510000228881836,17859700,4.510000228881836,GNW,Genworth Financial,financials,0.06872048651855889,0.013483240941218666,0.008948644422301033,3.1301743675130664,4.2753507605966625,8.753003494975973,1,1,1
340,2018-12-22,4.679999828338623,4.510000228881836,4.550000190734863,4.510000228881836,5027100,4.510000228881836,GNW,Genworth Financial,financials,0.0,0.03203669267484277,-0.0022123345324943644,-0.7185227075482791,0.6089809243374729,3.066246056782334,1,0,1
341,2018-12-23,4.679999828338623,4.510000228881836,4.550000190734863,4.510000228881836,5027100,4.510000228881836,GNW,Genworth Financial,financials,0.0,0.03203669267484277,-0.0022123345324943644,0.0,0.6089809243374729,3.066246056782334,1,0,1
342,2018-12-24,4.679999828338623,4.510000228881836,4.550000190734863,4.510000228881836,5027100,4.510000228881836,GNW,Genworth Financial,financials,0.0,0.03203669267484277,-0.004415006622562556,0.0,0.6089809243374729,0.8068145059842575,1,0,1
343,2018-12-25,4.699999809265137,4.550000190734863,4.550000190734863,4.699999809265137,6580800,4.699999809265137,GNW,Genworth Financial,financials,0.04212850792480061,0.10070253636050852,0.037527503660751416,0.30906486841320047,0.6984901277584203,1.3652373935233442,1,1,1
344,2018-12-26,4.699999809265137,4.550000190734863,4.550000190734863,4.699999809265137,6580800,4.699999809265137,GNW,Genworth Financial,financials,0.0,0.10328628092557413,0.037527503660751416,0.0,0.5972427853692872,1.3652373935233442,1,1,1
345,2018-12-27,4.670000076293945,4.5,4.599999904632568,4.619999885559082,4316100,4.619999885559082,GNW,Genworth Financial,financials,-0.01702126105374524,0.09478675716930951,0.02439016653986248,-0.3441374908825675,-0.0018731788538920435,0.9748798901853122,0,1,1
346,2018-12-28,4.679999828338623,4.559999942779541,4.599999904632568,4.599999904632568,3014700,4.599999904632568,GNW,Genworth Financial,financials,-0.00432900030777672,0.019955581193628058,-0.037656965957120425,-0.30152220754848125,-0.8312009720208067,-0.7651243056258911,0,0,1
347,2018-12-29,4.699999809265137,4.610000133514403,4.630000114440918,4.6599998474121085,3779900,4.6599998474121085,GNW,Genworth Financial,financials,0.013043466092056866,0.03325933723233132,-0.012711852848854788,0.2538229342886522,-0.24809532334745676,0.28327957901884226,1,0,1
348,2018-12-30,4.699999809265137,4.610000133514403,4.630000114440918,4.6599998474121085,3779900,4.6599998474121085,GNW,Genworth Financial,financials,0.0,0.03325933723233132,0.0,0.0,-0.24809532334745676,-0.20416456122620852,1,1,1
349,2018-12-31,4.699999809265137,4.610000133514403,4.630000114440918,4.6599998474121085,3779900,4.6599998474121085,GNW,Genworth Financial,financials,0.0,0.03325933723233132,-0.01894740054481925,0.0,-0.24809532334745676,0.4097266251445195,1,0,1
350,2019-01-01,4.739999771118164,4.570000171661377,4.610000133514403,4.730000019073486,3322200,4.730000019073486,GNW,Genworth Financial,financials,0.01502149655654006,0.0063830236225137504,-0.004210522300318709,-0.1210878594671817,-0.4951677607585704,0.23902584567187568,1,0,1
351,2019-01-02,4.739999771118164,4.570000171661377,4.610000133514403,4.730000019073486,3322200,4.730000019073486,GNW,Genworth Financial,financials,0.0,0.0063830236225137504,-0.004210522300318709,0.0,-0.4951677607585704,0.23902584567187568,1,0,1
352,2019-01-03,4.78000020980835,4.6599998474121085,4.710000038146973,4.699999809265137,3529500,4.699999809265137,GNW,Genworth Financial,financials,-0.006342539045956719,0.01731600123110688,0.0329669477455663,0.06239841069171037,-0.18224786265378468,-0.36271057905855586,0,1,1
353,2019-01-04,4.800000190734863,4.690000057220459,4.75,4.789999961853027,4863200,4.789999961853027,GNW,Genworth Financial,financials,0.019148969412822625,0.041304361121641264,0.124413076172605,0.37787221986117014,0.6131621720237503,-0.4235319219553828,1,1,1
354,2019-01-05,4.809999942779541,4.679999828338623,4.769999980926514,4.730000019073486,2996600,4.730000019073486,GNW,Genworth Financial,financials,-0.012526084187343023,0.01502149655654006,0.11032858331911743,-0.38382135219608493,-0.2072277044366253,-0.6447926791683459,0,1,1
355,2019-01-06,4.809999942779541,4.679999828338623,4.769999980926514,4.730000019073486,2996600,4.730000019073486,GNW,Genworth Financial,financials,0.0,0.01502149655654006,0.0923787765393469,0.0,-0.2072277044366253,-0.2771613276727133,1,1,1
356,2019-01-07,4.809999942779541,4.679999828338623,4.769999980926514,4.730000019073486,2996600,4.730000019073486,GNW,Genworth Financial,financials,0.0,0.01502149655654006,0.11032858331911743,0.0,-0.2072277044366253,-0.40172100545051614,1,1,1
357,2019-01-08,4.800000190734863,4.690000057220459,4.739999771118164,4.75,4016700,4.75,GNW,Genworth Financial,financials,0.004228325760225138,0.004228325760225138,0.11502341427027996,0.34041914169391974,0.20904822105833487,-0.19805538363247943,1,1,1
358,2019-01-09,4.800000190734863,4.699999809265137,4.75,4.760000228881836,6102900,4.760000228881836,GNW,Genworth Financial,financials,0.0021053113435443027,0.006342539045956608,0.11737088571266074,0.519381581895586,0.837005598699657,0.21845987980913217,1,1,1
359,2019-01-10,4.78000020980835,4.710000038146973,4.739999771118164,4.769999980926514,2487900,4.769999980926514,GNW,Genworth Financial,financials,0.002100788143664989,0.014893654149386482,0.10672854855081892,-0.5923413459175146,-0.29511262218444534,-0.1045243494223086,1,1,1
