,Unnamed: 0,Unnamed: 0.1,Date,High,Low,Open,Close,Volume,Adj Close,Ticker,Security,Sector,1_Day_Close_Change,1_Week_Close_Change,1_Month_Close_Change,1_Day_Volume_Change,1_Week_Volume_Change,1_Month_Volume_Change,Day_Class,Month_Class,Week_Class
0,8902,639,2011-10-01,5.5900001525878915,4.53000020980835,5.440000057220459,4.630000114440918,13467600.0,4.435473442077637,AAL,American Airlines Group,industrials,-0.15818179737437854,-0.27993775458043624,-0.12476367715906732,0.5976748324337149,0.7827963252230548,1.0169834209462192,0,0,0
1,56254,2813,2017-09-13,116.75,98.04000091552734,116.5500030517578,98.98999786376952,17508900.0,97.70738220214844,EFX,Equifax Inc.,industrials,-0.14634357842949886,-0.2998797772749913,-0.3068412607236777,1.5232234727846552,37.710811408357294,44.27773467804499,0,0,0
2,56255,2814,2017-09-14,100.75,89.58999633789062,98.69000244140624,96.66000366210938,34582400.0,95.4075698852539,EFX,Equifax Inc.,industrials,-0.023537673016890914,-0.3227298007611861,-0.3234882393698958,0.9751326468253289,65.69701060752169,72.8940170940171,0,0,0
3,128547,2737,2018-07-26,23.1200008392334,20.530000686645508,22.56999969482422,22.11000061035156,38170800.0,21.81361961364746,NLSN,Nielsen Holdings,industrials,-0.25228269061424513,-0.2765052029862741,-0.27053774332146385,12.241336247268189,15.376694697099705,12.88938214103777,0,0,0
4,128548,2738,2018-07-27,22.60000038146973,21.26000022888184,22.07999992370605,22.36000061035156,13037900.0,22.06026840209961,NLSN,Nielsen Holdings,industrials,0.011307100547204518,-0.2514228328717576,-0.258620665667206,-0.6584326238905132,2.454663487016428,6.210430262139144,1,0,0
5,143668,2115,2015-10-16,23.059999465942386,18.51000022888184,23.059999465942386,18.739999771118164,24408600.0,18.739999771118164,PWR,Quanta Services Inc.,industrials,-0.2850057067640217,-0.2930969592862732,-0.2482952450174057,10.547807162795099,9.968185494742519,10.109968138370505,0,0,0
6,143669,2116,2015-10-17,19.43000030517578,18.459999084472656,18.5,19.309999465942386,13030000.0,19.309999465942386,PWR,Quanta Services Inc.,industrials,0.030416206071821824,-0.26522073967239324,-0.21948263360595646,-0.4661717591340757,7.2120123526816675,3.0893826695540283,1,0,0
7,143674,2121,2015-10-22,19.729999542236328,18.96999931335449,19.559999465942386,19.31999969482422,5198100.0,19.31999969482422,PWR,Quanta Services Inc.,industrials,-0.0117646829264485,-0.2628767504890992,-0.21013898536534847,0.2992651469706058,1.4592420873350052,1.0387104365219442,0,0,0
8,180860,583,2011-08-06,18.200000762939453,16.329999923706055,17.850000381469727,16.379999160766598,12012900.0,16.10306167602539,TXT,Textron Inc.,industrials,-0.11888117125774422,-0.2644814178683021,-0.3017902898552141,0.11692839809210342,0.5387344690662226,1.5306298714977882,0,0,0
9,196993,581,2011-08-04,20.0,17.370000839233402,20.0,17.440000534057614,6877000.0,17.440000534057614,URI,"United Rentals, Inc.",industrials,-0.14926826663133594,-0.25053716411771576,-0.3253384805920826,1.1525604106673346,2.169854805254667,4.05922165820643,0,0,0
10,196995,583,2011-08-06,17.370000839233402,14.510000228881836,17.370000839233402,14.75,7781500.0,14.75,URI,"United Rentals, Inc.",industrials,-0.1643059309466296,-0.3409293765364576,-0.44590535180370905,0.6332591721937704,1.345450161256292,1.595477135519162,0,0,0
11,196999,587,2011-08-10,15.4399995803833,14.600000381469727,15.0600004196167,14.640000343322756,4265000.0,14.640000343322756,URI,"United Rentals, Inc.",industrials,-0.069885606339959,-0.28585364178913386,-0.4111021728122265,0.05868043489053276,0.3349818454989357,2.0838756326825743,0,0,0
12,5937,581,2011-08-04,15.350000381469727,11.369999885559082,14.229999542236328,12.050000190734865,1157800.0,12.050000190734865,ABMD,ABIOMED Inc,health_care,-0.2093175609115674,-0.2701393080749237,-0.278443135315529,5.526493799323561,4.952699228791773,12.462790697674418,0,0,0
13,5938,582,2011-08-05,12.270000457763672,11.100000381469727,12.199999809265135,11.539999961853027,314900.0,11.539999961853027,ABMD,ABIOMED Inc,health_care,-0.042323669776700316,-0.3010296909829546,-0.31796690840318964,-0.7280186560718604,1.1792387543252594,1.4640062597809078,0,0,0
14,5939,583,2011-08-06,11.40999984741211,10.619999885559082,11.260000228881836,10.630000114440918,589800.0,10.630000114440918,ABMD,ABIOMED Inc,health_care,-0.07885613955114668,-0.3293375483530917,-0.36913947336577296,0.8729755477929502,1.782075471698113,3.3208791208791206,0,0,0
15,5942,586,2011-08-09,11.520000457763672,10.050000190734863,10.9399995803833,11.079999923706056,372700.0,11.079999923706056,ABMD,ABIOMED Inc,health_care,0.04233300135658613,-0.26912928527519275,-0.3210784233519316,-0.3680908782638183,1.6376503892427459,0.7262621584066697,1,0,0
16,5943,587,2011-08-10,11.020000457763672,10.100000381469727,10.729999542236328,10.300000190734863,336200.0,10.300000190734863,ABMD,ABIOMED Inc,health_care,-0.07039708829802027,-0.3241469589615913,-0.3688725255306568,-0.09793399517037836,0.8951521984216461,0.5572024085224639,0,0,0
17,6392,1036,2012-11-01,15.899999618530273,13.119999885559082,15.800000190734865,13.609999656677244,9012400.0,13.609999656677244,ABMD,ABIOMED Inc,health_care,-0.31331988565916324,-0.28103542328226794,-0.34598750572044223,11.843665384067268,13.83034391969722,23.49021739130435,0,0,0
18,6393,1037,2012-11-02,15.350000381469727,13.770000457763672,14.260000228881836,13.859999656677244,3181000.0,13.859999656677244,ABMD,ABIOMED Inc,health_care,0.01836884689981222,-0.2674418815651429,-0.3281628589187876,-0.6470418534463628,7.148053278688524,5.376027259971938,1,0,0
19,6394,1038,2012-11-03,13.920000076293945,12.979999542236328,13.920000076293945,13.479999542236328,1433300.0,13.479999542236328,ABMD,ABIOMED Inc,health_care,-0.027417036353088675,-0.31987892281570085,-0.35192307515962584,-0.549418421879912,1.042610802337181,3.452625038831936,0,0,0
20,6397,1041,2012-11-06,13.699999809265135,13.170000076293945,13.579999923706055,13.34000015258789,926000.0,13.34000015258789,ABMD,ABIOMED Inc,health_care,-0.01038571175093761,-0.3269424642790741,-0.3489506929428379,-0.353938463685202,0.3196522730511615,1.7891566265060244,0,0,0
21,6398,1042,2012-11-07,13.279999732971193,12.720000267028807,13.15999984741211,13.0600004196167,910200.0,13.0600004196167,ABMD,ABIOMED Inc,health_care,-0.02098948499013864,-0.3410695953225883,-0.3626158826011544,-0.01706263498920091,0.29713552800342025,1.7415662650602408,0,0,0
22,7484,2128,2015-10-29,85.98999786376953,68.25,84.95999908447266,70.4000015258789,6292200.0,70.4000015258789,ABMD,ABIOMED Inc,health_care,-0.28585919843530083,-0.19781221727186732,-0.2092552792188761,7.107460378817162,7.516783974011911,6.852489704230624,0,0,0
23,19288,1024,2012-10-20,28.149999618530273,27.3700008392334,27.420000076293945,27.59000015258789,2314600.0,27.59000015258789,ALGN,Align Technology,health_care,-0.003251450563425795,-0.25169511928766675,-0.2445235540318121,-0.5559435193001305,3.1039007092198583,0.7960735625048498,0,0,0
24,19291,1027,2012-10-23,27.420000076293945,26.76000022888184,27.06999969482422,26.920000076293945,1293800.0,26.920000076293945,ALGN,Align Technology,health_care,-0.024284163558842886,-0.296576959647441,-0.278864217630461,-0.44102652726172986,0.5356676557863502,0.8153500771713202,0,0,0
25,21484,3220,2018-10-25,235.5,203.1199951171875,231.22999572753903,232.07000732421875,8520300.0,232.07000732421875,ALGN,Align Technology,health_care,-0.2020423682598705,-0.2816504393053865,-0.4094610391461042,3.0766985645933014,9.20761950401342,12.894814090019569,0,0,0
26,21485,3221,2018-10-26,237.58999633789062,218.00999450683602,228.0,230.1300048828125,4629400.0,230.1300048828125,ALGN,Align Technology,health_care,-0.008359556944796953,-0.2642667649348461,-0.4087557526726892,-0.4566623240965694,2.4671959257040146,6.826542688081149,0,0,0
27,21486,3222,2018-10-27,235.4900054931641,212.0200042724609,234.75999450683602,217.94000244140625,2542500.0,217.94000244140625,ALGN,Align Technology,health_care,-0.052970069885557414,-0.3064095169157336,-0.4411364931681929,-0.4507927593208623,0.9981923923294562,4.6879194630872485,0,0,0
28,21489,3225,2018-10-30,225.6199951171875,215.0,216.8000030517578,223.00999450683602,1850400.0,223.00999450683602,ALGN,Align Technology,health_care,0.0232632468047842,-0.2845134821135016,-0.43039946678418894,-0.2722123893805309,0.464735217288055,2.0053597531265237,1,0,0
29,42884,2031,2015-07-24,327.0,299.760009765625,327.0,300.0299987792969,16634100.0,300.0299987792969,BIIB,Biogen Inc.,health_care,-0.22080247165047293,-0.2585627537585317,-0.2693778077714335,5.391585014409221,7.799714331058563,15.791944276196244,0,0,0
30,53390,2856,2017-10-26,101.1500015258789,94.5500030517578,98.9499969482422,99.98999786376952,69847400.0,99.98999786376952,CELG,Celgene Corp.,health_care,-0.16368350697927547,-0.2645631588250645,-0.3038362844494004,8.733879621500341,11.253929824561405,20.35092009537201,0,0,0
31,54656,895,2012-06-13,13.864999771118164,13.345000267028807,13.505000114440918,13.420000076293945,2537400.0,13.420000076293945,CNC,Centene Corporation,health_care,-0.0022304634495625697,-0.2810072639680452,-0.2632445806272857,-0.5013363729266567,0.2394490035169989,0.6112522225044449,0,0,0
32,86180,149,2011-08-06,21.670000076293945,17.25,21.57999992370605,18.190000534057614,10496600.0,14.440814971923828,HCA,HCA Holdings,health_care,-0.17280578793145318,-0.2706495531458518,-0.4695246413417056,0.9640003742164842,-0.12417395367465454,4.442600850357771,0,0,0
33,86183,152,2011-08-09,19.26000022888184,17.030000686645508,18.51000022888184,18.350000381469727,8246200.0,14.567837715148926,HCA,HCA Holdings,health_care,0.00879603313438837,-0.25527594009686616,-0.4449485898601751,-0.2143932320942019,0.7312674518695808,9.600591335647257,1,0,0
34,102377,645,2011-10-07,28.18000030517578,25.709999084472656,25.739999771118164,27.18000030517578,30852600.0,27.18000030517578,ILMN,Illumina Inc,health_care,-0.3193087879427671,-0.3357770889197396,-0.4650659403551341,7.128731392438414,23.022891847699128,29.96407065435568,0,0,0
35,102378,646,2011-10-08,28.20000076293945,26.11000061035156,27.51000022888184,26.489999771118164,6603500.0,26.489999771118164,ILMN,Illumina Inc,health_care,-0.02538633282966607,-0.3063629032813888,-0.4725209253838549,-0.7859661746497864,1.2600794031076732,2.2925309134423606,0,0,0
36,102381,649,2011-10-11,26.920000076293945,25.739999771118164,26.270000457763672,26.209999084472656,4048900.0,26.209999084472656,ILMN,Illumina Inc,health_care,-0.010570052437327336,-0.33171855510710346,-0.4573499068637305,-0.3868554554402968,0.3105781057810577,1.4413023816701838,0,0,0
37,102382,650,2011-10-12,26.78000068664551,26.01000022888184,26.34000015258789,26.040000915527344,2627000.0,26.040000915527344,ILMN,Illumina Inc,health_care,-0.006486004383190691,-0.3491626591368105,-0.4608695377463511,-0.35118180246486697,0.0358832807570979,0.5839614109134761,0,0,0
38,102383,651,2011-10-13,27.459999084472656,25.56999969482422,26.149999618530273,27.149999618530273,5361900.0,27.149999618530273,ILMN,Illumina Inc,health_care,0.042626676804033765,-0.3200601199341575,-0.4587320633747766,1.0410734678340314,0.4126992491107889,1.8368340299455057,1,0,0
39,104209,2477,2016-10-12,141.44000244140625,136.0,139.97000122070312,136.17999267578122,2883200.0,136.17999267578122,ILMN,Illumina Inc,health_care,-0.020217373237826464,-0.26851805331060496,-0.2022729346848594,-0.7386843584026683,1.5772771967462234,1.9531906176380207,0,0,0
40,104210,2478,2016-10-13,138.11000061035156,135.1300048828125,135.66999816894528,137.16999816894528,2117800.0,137.16999816894528,ILMN,Illumina Inc,health_care,0.00726983071236531,-0.2582598626420143,-0.19382895627726804,-0.265468923418424,1.6275434243176177,1.0726169504795455,1,0,0
41,104211,2479,2016-10-14,139.35000610351562,136.57000732421878,138.41999816894528,138.0,1468700.0,138.0,ILMN,Illumina Inc,health_care,0.0060508991917638255,-0.25199200015681433,-0.19664686819969912,-0.3064973085277174,0.8999999999999999,0.999863834422658,1,0,0
42,105905,946,2012-08-03,20.020000457763672,18.43000030517578,19.65999984741211,18.479999542236328,5985800.0,18.479999542236328,INCY,Incyte,health_care,-0.05569750483318448,-0.2781250286381688,-0.2652087545710957,-0.4682833666444592,4.108645557736622,2.9897353862560823,0,0,0
43,105906,947,2012-08-04,18.81999969482422,17.979999542236328,18.46999931335449,18.299999237060547,4230000.0,18.299999237060547,INCY,Incyte,health_care,-0.009740276495374787,-0.2829154032599817,-0.272365824467954,-0.29332754184904275,2.357942367230293,1.8194361127774443,0,0,0
44,105909,950,2012-08-07,18.57999992370605,18.1200008392334,18.309999465942386,18.149999618530273,2011700.0,18.149999618530273,INCY,Incyte,health_care,-0.008196700807861168,-0.27370949240636344,-0.2976006381055481,-0.5244208037825059,0.33792231976589515,-0.3281792679668715,0,0,0
45,105910,951,2012-08-08,18.31999969482422,17.469999313354492,18.149999618530273,17.600000381469727,2686200.0,17.600000381469727,INCY,Incyte,health_care,-0.030302988904695294,-0.2937399547517512,-0.3188854381757008,0.3352885619128101,-0.0449745795854517,-0.10292546086027254,0,0,0
46,138278,1049,2012-11-14,6.940000057220459,5.6500000953674325,6.739999771118164,6.179999828338622,3848200.0,6.179999828338622,NKTR,Nektar Therapeutics,health_care,-0.0789866180022728,-0.3024830623236955,-0.4293628927170105,-0.003547476630674007,4.8876988984088126,6.343893129770992,0,0,0
47,138279,1050,2012-11-15,6.179999828338622,5.9000000953674325,6.130000114440918,6.050000190734862,1402200.0,6.050000190734862,NKTR,Nektar Therapeutics,health_care,-0.02103554064963586,-0.2621950815292706,-0.4366852588764083,-0.6356218491762382,-0.4245495957647638,0.2176102813476901,0,0,0
48,138280,1051,2012-11-16,6.050000190734862,5.8499999046325675,6.039999961853027,5.989999771118164,1085500.0,5.989999771118164,NKTR,Nektar Therapeutics,health_care,-0.009917424417371869,-0.2650306685292374,-0.4412313785530927,-0.2258593638567965,-0.4258740149151108,0.4970348917390706,0,0,0
49,140304,3075,2018-06-02,63.34000015258789,50.56000137329102,62.27000045776367,52.56999969482422,30808100.0,52.56999969482422,NKTR,Nektar Therapeutics,health_care,-0.4181516260912631,-0.3245535338809611,-0.3647129946244807,6.129854200416571,14.917385688452597,15.832267934218436,0,0,0
50,140307,3078,2018-06-05,57.31000137329102,52.709999084472656,53.93999862670898,55.959999084472656,12905100.0,55.959999084472656,NKTR,Nektar Therapeutics,health_care,0.06448543673821261,-0.2809970735199926,-0.2894870801593028,-0.5811134084867291,5.667579436838026,6.395048994326973,1,0,0
51,140308,3079,2018-06-06,65.47000122070311,56.70000076293945,56.70000076293945,59.97999954223633,15771900.0,59.97999954223633,NKTR,Nektar Therapeutics,health_care,0.07183703580293854,-0.2558312570999043,-0.2384459380982562,0.22214473347746244,9.490820806172676,8.037820182224515,1,0,0
52,140309,3080,2018-06-07,62.52000045776367,52.31999969482422,61.22000122070313,52.97000122070313,10660300.0,52.97000122070313,NKTR,Nektar Therapeutics,health_care,-0.11687226367177515,-0.3401021124213713,-0.3217669365479557,-0.3240953848299825,0.01851621841112117,4.971153307567357,0,0,0
53,140310,3081,2018-06-08,55.36999893188477,52.5,53.61000061035156,54.13999938964844,7273900.0,54.13999938964844,NKTR,Nektar Therapeutics,health_care,0.02208793924830066,-0.4007747614389199,-0.30438136816224226,-0.3176646060617431,0.6833834760472113,2.6491747353634683,1,0,0
54,140448,3219,2018-10-24,40.08000183105469,35.709999084472656,39.599998474121094,36.61000061035156,4045100.0,36.61000061035156,NKTR,Nektar Therapeutics,health_care,-0.07316454151008701,-0.27633918758786946,-0.398554275459752,-0.17707252568406062,2.8139732227041296,0.3577350384318465,0,0,0
55,140449,3220,2018-10-25,38.060001373291016,35.459999084472656,36.70000076293945,36.77000045776367,2676700.0,36.77000045776367,NKTR,Nektar Therapeutics,health_care,0.004370386362869017,-0.25807103634222583,-0.3985933787236974,-0.3382858272972238,0.983181447729125,0.4567074829931972,1,0,0
56,145993,2310,2016-04-28,97.45999908447266,95.5999984741211,97.0,96.4499969482422,2897400.0,94.35641479492188,PRGO,Perrigo,health_care,-0.008124238306073228,-0.25046625397892963,-0.2557296112829557,-0.31856346574472594,0.42140894819466257,1.462937776266576,0,0,0
57,150915,489,2011-05-04,51.84000015258789,47.52999877929688,51.06999969482422,48.0,2000500.0,48.0,REGN,Regeneron,health_care,-0.06084916010980601,-0.28411636367939563,0.056570540998464924,-0.09220855833371144,-0.7918639130208605,2.406846049046321,0,1,0
58,150916,490,2011-05-05,49.83000183105469,46.599998474121094,47.61000061035156,47.04999923706055,1100000.0,47.04999923706055,REGN,Regeneron,health_care,-0.019791682561238644,-0.27178457216231044,0.019501574895441017,-0.4501374656335916,-0.8990825688073394,0.3184705741340046,0,1,0
59,7093,639,2011-10-01,5.03000020980835,4.519999980926514,5.03000020980835,4.53000020980835,39505500.0,4.53000020980835,AMD,Advanced Micro Devices Inc,information_technology,-0.1082676618421008,-0.2921874777646739,-0.32185623858990386,0.3314470983549649,0.422130306597406,1.5898113306499195,0,0,0
60,7096,642,2011-10-04,4.71999979019165,4.309999942779541,4.420000076293945,4.71999979019165,37500000.0,4.71999979019165,AMD,Advanced Micro Devices Inc,information_technology,0.04194251028331397,-0.2727272794066,-0.2472089625917065,-0.0507650833428257,0.3915999317188301,1.3004864762068349,1,0,0
61,9135,2681,2017-05-04,10.550000190734863,9.9399995803833,10.550000190734863,10.100000381469727,77031400.0,10.100000381469727,AMD,Advanced Micro Devices Inc,information_technology,-0.027911448726697933,-0.258443431253,-0.2867231292155975,-0.4532879487066659,1.4588988623450247,0.3187372673891087,0,0,0
62,9137,2683,2017-05-06,10.220000267028807,10.0,10.220000267028807,10.039999961853027,35101100.0,10.039999961853027,AMD,Advanced Micro Devices Inc,information_technology,-0.014720277203841725,-0.2628487484424895,-0.2434062083261587,-0.32183581599335376,-0.484082761702209,-0.7483793918427298,0,0,0
63,9674,3220,2018-10-25,20.149999618530273,17.719999313354492,17.920000076293945,19.270000457763672,189173700.0,19.270000457763672,AMD,Advanced Micro Devices Inc,information_technology,-0.15445372164796256,-0.2761081949568185,-0.4083512238771707,0.4066099037022329,1.375846638626439,0.5954573746185803,0,0,0
64,9675,3221,2018-10-26,18.780000686645508,17.049999237060547,18.489999771118164,17.6299991607666,119689000.0,17.6299991607666,AMD,Advanced Micro Devices Inc,information_technology,-0.08510644826354075,-0.25486055475630354,-0.4523143860547271,-0.36730634332362266,-0.08494578359769389,0.5084193160951918,0,0,0
65,9676,3222,2018-10-27,18.229999542236328,16.270000457763672,18.209999084472656,16.850000381469727,94479600.0,16.850000381469727,AMD,Advanced Micro Devices Inc,information_technology,-0.04424270087503279,-0.3268078338303896,-0.4829702269844356,-0.21062420105439927,-0.17238515788081354,0.0744327589657745,0,0,0
66,9679,3225,2018-10-30,17.239999771118164,16.170000076293945,16.379999160766598,17.200000762939453,99049400.0,17.200000762939453,AMD,Advanced Micro Devices Inc,information_technology,0.020771535522018603,-0.3144678892652231,-0.4525779528588649,0.04836811332816815,-0.026665880526320903,0.045454593431275565,1,0,0
67,96548,596,2011-08-19,10.90372371673584,10.331517219543457,10.717529296875,10.717529296875,283937900.0,7.821810722351074,HPQ,HP Inc.,information_technology,-0.2002710987883813,-0.26980198164548186,-0.3310658036387221,0.3430490760024578,4.436132532796238,7.591161875945537,0,0,0
68,108767,3134,2018-07-31,178.08999633789062,161.50999450683594,172.4499969482422,164.0399932861328,4269200.0,164.0399932861328,IPGP,IPG Photonics Corp.,information_technology,-0.268658087141086,-0.2986446888956085,-0.2629403527785996,7.110182370820668,19.684108527131787,11.97629179331307,0,0,0
69,108768,3135,2018-08-01,179.7899932861328,162.69000244140625,162.69000244140625,165.55999755859375,2161100.0,165.55999755859375,IPGP,IPG Photonics Corp.,information_technology,0.00926605909943934,-0.3098503564974461,-0.25611071452763423,-0.4937927480558418,8.570859167404784,5.568693009118541,1,0,0
70,108769,3136,2018-08-02,174.14999389648438,164.00999450683594,165.33999633789062,170.27999877929688,975300.0,170.27999877929688,IPGP,IPG Photonics Corp.,information_technology,0.028509309557296136,-0.29097270077131343,-0.2206865044425772,-0.5487020498820045,3.132627118644068,3.2870329670329674,1,0,0
71,108770,3137,2018-08-03,174.25999450683594,167.80999755859375,170.19000244140625,170.4600067138672,702900.0,170.4600067138672,IPGP,IPG Photonics Corp.,information_technology,0.0010571290572043424,-0.276546938942565,-0.23488481596683464,-0.2792986773300523,2.2571825764596847,0.04102488151658768,1,0,0
72,109435,575,2011-07-29,23.940000534057607,23.13999938964844,23.32999992370605,23.38999938964844,17085000.0,21.71906089782715,JNPR,Juniper Networks,information_technology,-0.016813850798039653,-0.2519987512874754,-0.2410772348717297,-0.3404875412557179,0.9949556871124812,0.8489259239218656,0,0,0
73,109439,579,2011-08-02,23.38999938964844,22.75,22.84000015258789,22.76000022888184,11837300.0,21.13406753540039,JNPR,Juniper Networks,information_technology,-0.011294536216837736,-0.2698107098757517,-0.28405160196881085,-0.25752833514184825,-0.435679484367998,0.7590685509636961,0,0,0
74,125634,639,2011-10-01,5.03000020980835,4.320000171661377,4.960000038146973,4.329999923706056,56806200.0,4.329999923706056,MU,Micron Technology,information_technology,-0.14087302450810535,-0.341945292718595,-0.2456445825149288,-0.10547193015884017,0.7934137124347669,1.2153835354130185,0,0,0
75,125637,642,2011-10-04,4.519999980926514,3.9700000286102295,4.199999809265137,4.519999980926514,57671800.0,4.519999980926514,MU,Micron Technology,information_technology,0.04387992160929111,-0.3003096046075165,-0.20282188357907405,0.015237773341642225,0.7980071955454959,1.3910959642445502,1,0,0
76,162176,2298,2016-04-16,26.270000457763672,25.13999938964844,25.51000022888184,25.78000068664551,10778700.0,21.913013458251953,STX,Seagate Technology,information_technology,0.007424796128358223,-0.26300740354448404,-0.2619524631717355,-0.44484332186489217,0.4285506017070455,1.5471925512808395,1,0,0
77,162179,2301,2016-04-19,26.1200008392334,25.18000030517578,25.84000015258789,25.32999992370605,8957100.0,21.530513763427734,STX,Seagate Technology,information_technology,-0.017455420905887253,-0.2771118932111237,-0.3067871021058925,-0.16899997216732998,0.9137466883172378,2.1027781626714703,0,0,0
78,162193,2315,2016-05-03,20.46999931335449,19.299999237060547,20.3799991607666,19.440000534057614,13705500.0,16.524009704589847,STX,Seagate Technology,information_technology,-0.05078120270627462,-0.27999998022008843,-0.4205662898321775,-0.27122825861546396,0.8402572640850743,4.9249092166695485,0,0,0
79,162194,2316,2016-05-04,20.479999542236328,19.75,19.809999465942386,20.149999618530273,11682900.0,17.127510070800778,STX,Seagate Technology,information_technology,0.03652258564647615,-0.2629846559593761,-0.39940387252611775,-0.1475757907409434,0.6203295331613548,4.0505360539512365,1,0,0
80,162195,2317,2016-05-05,20.420000076293945,19.899999618530273,20.200000762939453,20.01000022888184,7901700.0,17.008508682250973,STX,Seagate Technology,information_technology,-0.006947860659991646,-0.2561338099388747,-0.39105295626262737,-0.3236525177823999,0.07063302802016147,1.2808936870363423,0,0,0
81,169385,3053,2018-05-11,20.100000381469727,18.850000381469727,20.020000457763672,19.520000457763672,112357800.0,19.37687110900879,SYMC,Symantec Corp.,information_technology,-0.331048654776699,-0.29885056211290384,-0.27245618660936033,13.298341838357873,24.00284836886377,28.25527261365412,0,0,0
82,192146,3225,2018-10-30,42.599998474121094,40.58000183105469,41.560001373291016,41.36999893188477,10247400.0,41.36999893188477,WDC,Western Digital,information_technology,-0.0043321373882294605,-0.2567373509648284,-0.2869700343763262,-0.25318660496301426,1.6254515641413234,1.3125564181260154,0,0,0
83,193179,1031,2012-10-27,14.6899995803833,12.479999542236328,14.600000381469727,12.729999542236328,62740200.0,10.443345069885254,WU,Western Union Co,information_technology,-0.2900167693493229,-0.2986226000115386,-0.30890339362052976,9.96090146750524,13.591762215968554,13.150754448880168,0,0,0
84,193184,1036,2012-11-01,13.079999923706055,12.25,13.0,12.270000457763672,51040500.0,10.065972328186037,WU,Western Union Co,information_technology,-0.0361350432846792,-0.31106115521074074,-0.32656416464460125,-0.18647852572991475,8.59065371389917,11.184993315508022,0,0,0
85,193185,1037,2012-11-02,12.5,11.93000030517578,12.390000343322756,11.949999809265135,25424600.0,9.803454399108887,WU,Western Union Co,information_technology,-0.026079921480040458,-0.3335192634762211,-0.3455640931283329,-0.5018740020180052,3.4417540181691133,6.010588429934374,0,0,0
86,18634,2499,2016-11-03,24.20000076293945,22.86000061035156,23.899999618530273,23.0,30038500.0,18.507890701293945,CTL,CenturyLink Inc,communication_services,-0.04880067370897423,-0.25806451612903225,-0.1506646948006224,0.421819679269932,-0.17984961338517325,5.917488025055269,0,0,0
87,32340,75,2012-08-01,21.57999992370605,20.84000015258789,21.5,20.8799991607666,44604400.0,20.8799991607666,FB,"Facebook, Inc.",communication_services,-0.038231227946005975,-0.2883435905870331,-0.3214170019455328,-0.20603637632299387,1.588733734953744,2.158504461124487,0,0,0
88,32341,76,2012-08-02,20.84000015258789,19.81999969482422,20.770000457763672,20.040000915527344,56374500.0,20.040000915527344,FB,"Facebook, Inc.",communication_services,-0.0402298026341692,-0.2536312614223366,-0.3576922940549533,0.2638775546807042,-0.12729459699616394,5.432801588388333,0,0,0
89,35202,579,2011-08-02,9.710000038146973,9.039999961853027,9.59000015258789,9.039999961853027,20809400.0,7.5041565895080575,IPG,Interpublic Group,communication_services,-0.05538137407233512,-0.2762209665722257,-0.29098039514878216,-0.022872302960580404,3.803092902481247,1.8928864359890447,0,0,0
90,38475,625,2011-09-17,23.28428649902344,20.3700008392334,22.38428497314453,20.535715103149414,139805400.0,20.535715103149414,NFLX,Netflix Inc.,communication_services,-0.07371605627065593,-0.3156391100268651,-0.3390196464716816,0.1190537557291258,3.3827518104015804,2.9962782880124856,0,0,0
91,38478,628,2011-09-20,20.42571449279785,18.481428146362305,20.200000762939453,18.575714111328125,224343000.0,18.575714111328125,NFLX,Netflix Inc.,communication_services,-0.09544352275907342,-0.3771017965634448,-0.36635641261149976,0.6046805059032054,9.205062888075147,5.686626330064678,0,0,0
92,38479,629,2011-09-21,19.182857513427734,17.860000610351562,18.625713348388672,18.35714340209961,158463900.0,18.35714340209961,NFLX,Netflix Inc.,communication_services,-0.011766476805067929,-0.38431313519857735,-0.37381216518518656,-0.2936534681269306,7.674112958847423,3.7230753181723344,0,0,0
93,38513,663,2011-10-25,11.341428756713867,10.607142448425293,10.699999809265137,11.052857398986816,315541800.0,11.052857398986816,NFLX,Netflix Inc.,communication_services,-0.3489565451270611,-0.3075890344455571,-0.4148388713740846,1.6194693350998917,6.510021158555888,2.8969007996542038,0,0,0
94,38514,664,2011-10-26,11.631428718566895,10.771428108215332,11.247142791748047,11.342857360839846,148733900.0,11.342857360839846,NFLX,Netflix Inc.,communication_services,0.026237555718362282,-0.2743556865427864,-0.3994856736575424,-0.5286396287274776,1.4601641830791854,0.8368446077371947,1,0,0
95,38515,665,2011-10-27,11.817142486572266,11.321428298950195,11.739999771118164,11.55142879486084,71190000.0,11.55142879486084,NFLX,Netflix Inc.,communication_services,0.018387909446967658,-0.2746680973035911,-0.3657541349252711,-0.521359958960264,1.7832512315270934,-0.08467437088238472,1,0,0
96,38516,666,2011-10-28,12.09428596496582,11.37142848968506,11.468571662902832,12.020000457763672,57769600.0,12.020000457763672,NFLX,Netflix Inc.,communication_services,0.04056395717136718,-0.281100421567414,-0.3382098190320092,-0.18851524090462146,0.3152291706508574,0.031135988805037762,1,0,0
97,38517,667,2011-10-29,12.012857437133787,11.635714530944824,11.94857120513916,11.725714683532715,39653600.0,11.725714683532715,NFLX,Netflix Inc.,communication_services,-0.02448300857100872,-0.3093234153983322,-0.2748475801974041,-0.3135905389685925,-0.6708157549132411,-0.7082616622204827,0,0,0
98,38787,937,2012-07-25,9.54285717010498,8.45714282989502,9.172857284545898,8.611428260803223,173470500.0,8.611428260803223,NFLX,Netflix Inc.,communication_services,-0.25015549554041283,-0.2582748910030722,-0.10070119463823013,1.6811390364495993,7.039937708853778,4.642032648043166,0,0,0
99,38788,938,2012-07-26,8.494285583496094,8.020000457763674,8.472857475280763,8.144286155700684,79756600.0,8.144286155700684,NFLX,Netflix Inc.,communication_services,-0.05424676266872441,-0.3141241197257333,-0.146556842408332,-0.5402296067631096,1.7376438645810808,4.108869159716617,0,0,0
100,38789,939,2012-07-27,8.467143058776855,8.142857551574707,8.19428539276123,8.417142868041992,38009300.0,8.417142868041992,NFLX,Netflix Inc.,communication_services,0.033502839552158825,-0.2798826404750841,-0.11385170282573033,-0.5234337973283716,0.5596886310105129,1.4708318165271206,1,0,0
101,38790,940,2012-07-28,8.565713882446289,8.04714298248291,8.418571472167969,8.25,29932700.0,8.25,NFLX,Netflix Inc.,communication_services,-0.019857435077714536,-0.27758319221681504,-0.14266626641416025,-0.2124901011068344,-0.0333438828103807,0.9835327952500232,0,0,0
102,38793,943,2012-07-31,8.331428527832031,8.087142944335938,8.20714282989502,8.121428489685059,17320800.0,8.121428489685059,NFLX,Netflix Inc.,communication_services,-0.015584425492720209,-0.2928224753295634,-0.16212230647962056,-0.4213418769439442,-0.7322918131755185,0.3331178277032487,0,0,0
103,51633,180,2014-05-06,36.099998474121094,31.71999931335449,35.61000061035156,31.85000038146973,134710000.0,31.85000038146973,TWTR,"Twitter, Inc.",communication_services,-0.1780645062846521,-0.2526982360470642,-0.2497055404230745,11.946411409679776,3.789229122893091,10.176470588235292,0,0,0
104,51991,538,2015-04-29,41.09000015258789,38.06999969482422,40.209999084472656,38.4900016784668,120488600.0,38.4900016784668,TWTR,"Twitter, Inc.",communication_services,-0.08942509435441959,-0.2559442872787846,-0.22850266287128884,0.5579764303059611,9.495979790060543,4.916338495683856,0,0,0
105,51993,540,2015-05-01,39.2400016784668,37.36999893188477,39.18999862670898,37.84000015258789,37785500.0,37.84000015258789,TWTR,"Twitter, Inc.",communication_services,-0.02874740652473828,-0.25541124793745873,-0.2502476869949892,-0.19004747971662211,1.5364673187038913,0.5592966441623612,0,0,0
106,51994,541,2015-05-02,38.959999084472656,37.54999923706055,38.72000122070313,37.88000106811523,27622500.0,37.88000106811523,TWTR,"Twitter, Inc.",communication_services,0.0010571066428655134,-0.2667440731707085,-0.2487107805678922,-0.2689656085006153,0.15132607254948538,1.0577105014191108,1,0,0
107,52519,1066,2016-10-08,18.239999771118164,16.930000305175778,17.489999771118164,17.559999465942386,104967200.0,17.559999465942386,TWTR,"Twitter, Inc.",communication_services,-0.11536528319994845,-0.2683333555857339,-0.06096263371584321,1.7140349108096298,1.7949738654851326,1.3402440411030674,0,0,0
108,52523,1070,2016-10-12,18.190000534057614,17.809999465942386,18.190000534057614,18.049999237060547,23535100.0,18.049999237060547,TWTR,"Twitter, Inc.",communication_services,0.002777735392252678,-0.27422603023856884,-0.005509663006693978,-0.5212248941654173,-0.6306295984732442,0.28702047958876764,1,0,0
109,53177,1724,2018-07-28,34.259998321533196,31.06999969482422,34.169998168945305,31.3799991607666,77852400.0,31.3799991607666,TWTR,"Twitter, Inc.",communication_services,-0.08030480237083681,-0.2754560571286789,-0.2993972199297701,-0.3657790290730639,4.104673730591691,3.1167350564744707,0,0,0
110,53181,1728,2018-08-01,32.59000015258789,31.459999084472656,32.25,31.90999984741211,33231700.0,31.90999984741211,TWTR,"Twitter, Inc.",communication_services,0.0012550676851401654,-0.2783808465280564,-0.2905735844339318,-0.4839173067545448,0.3218287478073403,0.9894932828851266,1,0,0
111,67707,2232,2016-02-10,33.09000015258789,30.979999542236328,32.59000015258789,31.3799991607666,11200900.0,29.10685157775879,VIAB,Viacom Inc.,communication_services,-0.04503960505462445,-0.2975151008046817,-0.23407375577744605,-0.28678039058371063,1.3231633965238312,1.8947382023052668,0,0,0
112,67708,2233,2016-02-11,32.580001831054695,30.11000061035156,30.940000534057607,32.25,9131700.0,29.9138298034668,VIAB,Viacom Inc.,communication_services,0.02772469287765733,-0.288707545402175,-0.2264331719277433,-0.18473515521074202,-0.11672018881064772,1.9804171154411043,1,0,0
113,13699,1477,2014-01-16,28.20000076293945,25.78000068664551,25.90999984741211,26.82999992370605,85048000.0,23.7078857421875,BBY,Best Buy Co. Inc.,consumer_discretionary,-0.28586637898210443,-0.28510522791419324,-0.3491023986134568,5.058110793734461,9.515331355093966,22.424683945244716,0,0,0
114,13700,1478,2014-01-17,27.04999923706055,24.40999984741211,27.01000022888184,24.43000030517578,60329500.0,21.58716583251953,BBY,Best Buy Co. Inc.,consumer_discretionary,-0.08945209188799562,-0.35387465173611105,-0.4177788170110773,-0.2906417552440974,11.47044110959527,12.069649046793758,0,0,0
115,13701,1479,2014-01-18,25.09000015258789,24.25,24.59000015258789,24.46999931335449,24850500.0,21.622509002685547,BBY,Best Buy Co. Inc.,consumer_discretionary,0.0016372905312749266,-0.3361367632076906,-0.4082224856992669,-0.5880870884061695,3.38303613947828,7.254334684116124,1,0,0
116,13705,1483,2014-01-22,26.11000061035156,24.46999931335449,24.60000038146973,26.01000022888184,23685400.0,22.98330497741699,BBY,Best Buy Co. Inc.,consumer_discretionary,0.0629342443294183,-0.3076922959766467,-0.3595173642461891,-0.0468843685237722,0.6871505196350091,3.8326702168900857,1,0,0
117,32520,936,2012-07-24,304.7799987792969,292.3299865722656,302.44000244140625,294.30999755859375,1925500.0,294.30999755859375,CMG,Chipotle Mexican Grill,consumer_discretionary,-0.038234083309864116,-0.2622145475000809,-0.2853951846619107,0.0595971824785384,2.053441167142404,5.153723234260147,0,0,0
118,32521,937,2012-07-25,300.54998779296875,294.8800048828125,297.5400085449219,296.4800109863281,932700.0,296.4800109863281,CMG,Chipotle Mexican Grill,consumer_discretionary,0.007373223627248127,-0.2551876279839278,-0.2801262435533145,-0.515606336016619,1.4435420487293684,1.980824544582934,1,0,0
119,32522,938,2012-07-26,302.8699951171875,289.6400146484375,300.0,289.8599853515625,1145100.0,289.8599853515625,CMG,Chipotle Mexican Grill,consumer_discretionary,-0.022328741869450663,-0.2822760464886421,-0.3022315717092554,0.22772595689932465,-0.14179719703215166,3.0434322033898304,0,0,0
120,48439,720,2011-12-21,28.29999923706055,27.28000068664551,27.3799991607666,27.88999938964844,5279100.0,26.02318572998047,EXPE,Expedia Group,consumer_discretionary,-0.5115586666383403,-0.4905005748178558,-0.4815985170045096,4.661840411840412,1.4775201802140043,1.0037576861762698,0,0,0
121,48440,721,2011-12-22,29.31999969482422,27.93000030517578,28.0,29.149999618530273,5029000.0,27.198848724365234,EXPE,Expedia Group,consumer_discretionary,0.04517749216407263,-0.4717288971128175,-0.456156708052812,-0.0473754996116762,1.1842425295343988,0.6352344410483188,1,0,0
122,48441,722,2011-12-23,30.07999992370605,29.209999084472656,29.440000534057607,30.040000915527344,3769100.0,28.02928352355957,EXPE,Expedia Group,consumer_discretionary,0.030531777311973318,-0.4631879662796026,-0.4189555034385769,-0.2505269437263869,0.4796451144348919,0.7519289764804313,1,0,0
123,48442,723,2011-12-24,30.420000076293945,29.3799991607666,29.96999931335449,30.06999969482422,2759000.0,28.05726432800293,EXPE,Expedia Group,consumer_discretionary,0.0009986277757192408,-0.454660862755299,-0.4241670051339893,-0.2679950120718474,0.6148668422592918,2.217867972941451,1,0,0
124,49022,1303,2013-07-26,50.9000015258789,47.09000015258789,50.0,47.20000076293945,28259700.0,45.034706115722656,EXPE,Expedia Group,consumer_discretionary,-0.2738461421086238,-0.26742200000970995,-0.18494213629239487,1.8459485588833613,8.825701470741631,15.830266214043238,0,0,0
125,49023,1304,2013-07-27,48.15999984741211,45.75,47.97999954223633,46.02999877929688,12644800.0,43.91839218139648,EXPE,Expedia Group,consumer_discretionary,-0.02478817721887061,-0.2802189487076229,-0.23180907566928444,-0.5525500978425106,5.8151342028673065,4.887874837027379,0,0,0
126,49026,1307,2013-07-30,47.68999862670898,45.79999923706055,46.25,47.4900016784668,8095900.0,45.31140518188477,EXPE,Expedia Group,consumer_discretionary,0.03171850831824452,-0.25540917862353196,-0.2353888067656551,-0.35974471719600154,1.2705575499214716,1.8208710801393728,1,0,0
127,49027,1308,2013-07-31,48.22000122070313,47.02000045776367,47.75,47.13000106811523,5098200.0,44.967918395996094,EXPE,Expedia Group,consumer_discretionary,-0.007580555856556259,-0.2610535909352554,-0.2411849846245162,-0.370273842315246,0.9232684472612044,0.7763763066202091,0,0,0
128,49028,1309,2013-08-01,47.849998474121094,47.11999893188477,47.599998474121094,47.20000076293945,3755700.0,45.034706115722656,EXPE,Expedia Group,consumer_discretionary,0.0014852470451476307,-0.2738461421086238,-0.2348840685092189,-0.26332823349417445,-0.6217748595137869,1.4197538818375106,1,0,0
129,53733,2787,2017-08-18,36.79999923706055,34.290000915527344,36.54999923706055,34.380001068115234,36216600.0,33.109134674072266,FL,Foot Locker Inc,consumer_discretionary,-0.2792452721546538,-0.3026368843780717,-0.2917181619352319,5.517058950550637,13.228813892272033,20.159499883150264,0,0,0
130,53734,2788,2017-08-19,34.06999969482422,31.71999931335449,34.0,31.81999969482422,23093600.0,30.64376449584961,FL,Foot Locker Inc,consumer_discretionary,-0.07446193408252155,-0.3548256307437995,-0.3368070029510237,-0.3623476527338292,7.077509618747812,6.46086001356896,0,0,0
131,53737,2791,2017-08-22,33.279998779296875,31.559999465942386,31.920000076293945,33.18000030517578,10510200.0,31.95348930358887,FL,Foot Locker Inc,consumer_discretionary,0.04274043442472997,-0.2959898248841122,-0.2634849974008405,-0.5448868950704957,0.6851911236531554,1.0367815200961203,1,0,0
132,53738,2792,2017-08-23,35.33000183105469,32.970001220703125,33.029998779296875,35.25,8630200.0,33.946971893310554,FL,Foot Locker Inc,consumer_discretionary,0.06238697033710738,-0.274243355538741,-0.21753605778085214,-0.17887385587334206,0.5453568742613617,0.6724545560249602,1,0,0
133,53739,2793,2017-08-24,36.27000045776367,34.72999954223633,35.599998474121094,34.77000045776367,7686800.0,33.484718322753906,FL,Foot Locker Inc,consumer_discretionary,-0.013617008290392252,-0.2710691844521259,-0.23999998999423666,-0.10931380501031264,0.3832145684877277,1.3218050563324977,0,0,0
134,70569,583,2011-08-06,13.109999656677244,11.220000267028807,12.869999885559082,11.539999961853027,18707200.0,10.77284336090088,GT,Goodyear Tire & Rubber,consumer_discretionary,-0.1483394981984003,-0.2787500023841858,-0.3379231348363049,0.4510254103192579,1.4471450062136175,0.6895953757225433,0,0,0
135,115751,587,2011-08-10,11.119999885559082,10.260000228881836,10.869999885559082,10.329999923706056,35072600.0,10.065547943115234,MGM,MGM Resorts International,consumer_discretionary,-0.07602865458565466,-0.2720225349416803,-0.2658137776999354,-0.4070285660183407,-0.05708171352679602,-0.1280959992840327,0,0,0
136,119651,1260,2015-05-28,46.95000076293945,45.56999969482422,45.61000061035156,45.77999877929688,21680900.0,45.77999877929688,KORS,Michael Kors Holdings,consumer_discretionary,-0.0032658725208410955,-0.2535464305804732,-0.2696235073962402,-0.6868614361602255,4.649157091117538,7.7497074135356545,0,0,0
137,126994,2863,2017-11-02,33.200000762939446,29.70000076293945,32.5,30.01000022888184,47531700.0,28.96671485900879,NWL,Newell Brands,consumer_discretionary,-0.268048774905321,-0.257178240212233,-0.30371226702244536,4.545189402335592,16.840220695867586,9.702686271419244,0,0,0
138,141383,2231,2016-02-09,85.91000366210938,82.79000091552734,84.75,83.69999694824219,2308800.0,78.89193725585938,RL,Polo Ralph Lauren Corp.,consumer_discretionary,-0.017951500040237156,-0.25107377104184725,-0.1797334751345967,-0.1831304840079253,0.13510324483775804,0.7213151420263924,0,0,0
139,141384,2232,2016-02-10,86.05999755859375,83.0,84.33000183105469,84.5,2513000.0,79.64598083496094,RL,Polo Ralph Lauren Corp.,consumer_discretionary,0.00955798185097323,-0.2687781084699751,-0.1718933825769723,0.08844421344421337,0.07452858425621067,0.8735555058525311,1,0,0
140,142962,583,2011-08-06,5.079999923706055,4.3400001525878915,4.96999979019165,4.599999904632568,21211900.0,4.249419212341309,PHM,Pulte Homes Inc.,consumer_discretionary,-0.12878793146874956,-0.31240659711686725,-0.4132653297061273,-0.11464728887627462,1.2309059548600154,2.462997730723393,0,0,0
141,142965,586,2011-08-09,4.829999923706055,4.260000228881837,4.789999961853027,4.670000076293945,16189100.0,4.3140854835510245,PHM,Pulte Homes Inc.,consumer_discretionary,0.015217428937526868,-0.25279998779296875,-0.3697705570230328,-0.2367916122553849,0.4637125575255645,1.5058974676490622,1,0,0
142,142966,587,2011-08-10,4.579999923706055,4.2199997901916495,4.570000171661377,4.239999771118163,15032100.0,3.916855335235596,PHM,Pulte Homes Inc.,consumer_discretionary,-0.09207715163829833,-0.2980132784939021,-0.4278002890109433,-0.07146783947223745,0.036760902400838624,1.3268063896972322,0,0,0
143,142979,600,2011-08-23,3.7899999618530273,3.400000095367432,3.759999990463257,3.609999895095825,24055100.0,3.334869861602783,PHM,Pulte Homes Inc.,consumer_discretionary,-0.039893642486140135,-0.25258800163171113,-0.5048011091925702,1.1074160059573348,1.270334296015252,4.103014489064257,0,0,0
144,176085,1436,2013-12-06,97.75,91.6999969482422,92.2699966430664,93.76000213623048,13926700.0,93.76000213623048,ULTA,Ulta Beauty,consumer_discretionary,-0.2054237107099112,-0.26138332808439313,-0.2865078797401697,4.550476266390339,39.96088235294118,48.33297910024797,0,0,0
145,176086,1437,2013-12-07,93.8000030517578,89.6500015258789,93.12999725341795,90.20999908447266,6152800.0,90.20999908447266,ULTA,Ulta Beauty,consumer_discretionary,-0.03786265967229585,-0.2892933201955236,-0.2887890122279637,-0.5582011531805812,14.517780580075662,9.365229110512127,0,0,0
146,26399,583,2011-08-06,7.699999809265138,6.309999942779541,7.4000000953674325,6.510000228881836,682052900.0,6.0440330505371085,BAC,Bank of America Corp,financials,-0.20318235396701667,-0.3363914423628335,-0.40384613705138217,0.2473954866074499,3.2730672918309924,4.986049724241797,0,0,0
147,26403,587,2011-08-10,7.5900001525878915,6.739999771118164,7.53000020980835,6.769999980926514,493986500.0,6.285422325134277,BAC,Bank of America Corp,financials,-0.10921051764752376,-0.2903563932916909,-0.34589374575799225,-0.0042491904264208005,1.8116746883167736,2.3992103157154467,0,0,0
262,61718,583,2011-08-06,32.419998168945305,26.25,31.54999923706055,27.95000076293945,142308300.0,26.540754318237305,C,Citigroup Inc.,financials,-0.16417458400804474,-0.27364862018095826,-0.34435843155902635,0.37245584865482106,3.204321660595425,5.448802305663558,0,0,0
263,76125,583,2011-08-06,12.170000076293945,10.489999771118164,11.960000038146973,10.93000030517578,17593300.0,10.897798538208008,ETFC,E*Trade,financials,-0.13185066142123092,-0.2930142122764288,-0.2281073147629057,0.14422757988254187,0.8583621172270284,5.6070677482349405,0,0,0
264,76129,587,2011-08-10,11.479999542236328,10.630000114440918,11.479999542236328,10.65999984741211,15756300.0,10.628594398498537,ETFC,E*Trade,financials,-0.09737515083356063,-0.28167117669785513,-0.1843917294325937,0.07496503496503504,0.5797056405526257,1.0888361548965275,0,0,0
265,134634,1006,2012-10-02,32.009998321533196,24.770000457763672,32.0,26.209999084472656,15264500.0,24.92140007019043,MSCI,MSCI Inc,financials,-0.2682858931386354,-0.2530635802080592,-0.2637640391045062,12.507211751172465,33.842501711937906,16.20913190529876,0,0,0
266,134638,1010,2012-10-06,26.81999969482422,26.239999771118164,26.739999771118164,26.399999618530273,1047300.0,25.1020565032959,MSCI,MSCI Inc,financials,-0.01712587421327183,-0.26298157890981444,-0.2798690745113602,-0.10241686664381212,-0.07326785240244227,1.5413734530453769,0,0,0
267,163254,583,2011-08-06,5.050000190734863,4.25,4.869999885559082,4.4099998474121085,39322300.0,3.888889789581299,RF,Regions Financial Corp.,financials,-0.135294131396689,-0.2538071131519276,-0.2852512491278596,-0.2334326251642409,0.0216795408427064,1.3758836537648182,0,0,0
268,163258,587,2011-08-10,4.679999828338623,4.2100000381469735,4.619999885559082,4.230000019073486,22353200.0,3.730159997940064,RF,Regions Financial Corp.,financials,-0.11506279635852044,-0.26689774123807586,-0.2830508558135785,-0.2045294406525128,-0.572826888752145,0.8820102211782139,0,0,0
269,167033,1135,2013-02-08,43.959999084472656,42.06999969482422,43.91999816894531,42.66999816894531,7888800.0,39.39845657348633,SPGI,"S&P Global, Inc.",financials,-0.026021528614712845,-0.2685979078275247,-0.220639302850314,-0.17643988349392936,2.680851063829788,7.728479752157559,0,0,0
270,176166,587,2011-08-10,47.58000183105469,43.93999862670898,47.52000045776367,44.040000915527344,1199200.0,44.040000915527344,SIVB,SVB Financial,financials,-0.09008265439868456,-0.2564578548726334,-0.2709816085620473,-0.10733958612475802,1.8097469540768507,1.1135001762425096,0,0,0
271,28016,2200,2016-01-09,5.420000076293945,4.230000019073486,5.400000095367432,4.309999942779541,117383000.0,4.2694740295410165,FCX,Freeport-McMoRan Inc.,materials,-0.2033271600106895,-0.3419847607216649,-0.4144021923106251,1.6489457970667818,1.72380050724789,1.4798823681024884,0,0,0
272,28019,2203,2016-01-12,4.579999923706055,3.650000095367432,4.309999942779541,4.110000133514403,141597300.0,4.071354866027832,FCX,Freeport-McMoRan Inc.,materials,-0.046403668659020125,-0.3874813546723291,-0.36377707287238004,0.20628455568523552,2.750584053356784,1.4847254905057456,0,0,0
273,28020,2204,2016-01-13,4.2800002098083505,3.7000000476837163,4.179999828338623,3.740000009536743,64602100.0,3.704833507537842,FCX,Freeport-McMoRan Inc.,materials,-0.09002435814065979,-0.3938411728864676,-0.4210526335214159,-0.5437617807684186,0.4240484425252011,0.13362673306765924,0,0,0
274,28021,2205,2016-01-14,4.230000019073486,3.7799999713897705,3.809999942779541,4.199999809265137,77708600.0,4.160508632659912,FCX,Freeport-McMoRan Inc.,materials,0.12299459854423155,-0.2513369502125069,-0.3558282482282611,0.2028804017206871,0.16652605853901647,0.6405814235799563,1,0,0
275,35963,465,2011-08-06,32.56999969482422,26.520000457763672,31.489999771118164,28.46999931335449,14254800.0,22.302288055419922,LYB,LyondellBasell,materials,-0.1401389674256427,-0.29407393948015703,-0.3094833948715037,0.5305195572114196,1.3120640996529018,1.4455386093431009,0,0,0
276,16414,279,2010-10-06,80.77999877929688,69.41999816894531,79.45999908447266,70.33999633789061,30574200.0,59.94897079467773,EQIX,Equinix,real_estate,-0.3306689619463881,-0.31913659858527965,-0.25879878601783657,5.179227551082279,68.40794551645857,130.33247422680412,0,0,0
277,16415,280,2010-10-07,75.66000366210938,70.5999984741211,71.75,75.0,11092800.0,63.92057800292969,EQIX,Equinix,real_estate,0.06624970009557908,-0.2672203114984556,-0.20969442788103893,-0.6371842926388915,20.51018033740547,46.649484536082475,1,0,0
278,16416,281,2010-10-08,76.47000122070312,73.05000305175781,75.0,74.91999816894531,3856900.0,63.8524055480957,EQIX,Equinix,real_estate,-0.0010666910807292096,-0.2714896845893644,-0.20803383321998115,-0.6523060002884754,5.5493292579385285,6.207811623995515,0,0,0
279,16417,282,2010-10-09,75.25,72.61000061035156,75.0,72.94999694824219,2429500.0,62.17340469360352,EQIX,Equinix,real_estate,-0.02629473129805416,-0.2784372101952559,-0.2341207669475885,-0.3700899686276543,3.2969579059073224,5.594733984799133,0,0,0
280,16420,285,2010-10-12,74.58999633789062,72.05999755859375,72.83000183105469,74.01000213623047,1474600.0,63.07682800292969,EQIX,Equinix,real_estate,0.01453057206760899,-0.2957464581284236,-0.23018511955389864,-0.3930438361802841,-0.7019745750722528,1.688422971741112,1,0,0
281,34502,2232,2016-02-10,25.89253234863281,24.189435958862305,25.81056404113769,24.781421661376953,12259000.0,21.18291473388672,HCP,HCP Inc.,real_estate,-0.03953400041427047,-0.25736895129830395,-0.2637986591693051,-0.14687952343836985,1.7919741277215997,1.8741237427613533,0,0,0
282,34503,2233,2016-02-11,23.989070892333984,22.868852615356445,23.45173072814941,23.797813415527344,12069100.0,20.342138290405273,HCP,HCP Inc.,real_estate,-0.03969135666589341,-0.2705193026447539,-0.2909091115753677,-0.015490659923321659,3.0579315446170403,1.4899117016009242,0,0,0
283,34504,2234,2016-02-12,24.32604789733887,23.70673942565918,24.13479042053223,23.91621208190918,5994400.0,20.443340301513672,HCP,HCP Inc.,real_estate,0.004975190968788068,-0.26235956781353764,-0.27458564430870913,-0.5033266772170253,0.6227835079455317,0.6602226776713012,1,0,0
284,52215,583,2011-08-06,28.26000022888184,25.26000022888184,28.10000038146973,25.290000915527344,8548500.0,19.883480072021484,PLD,Prologis,real_estate,-0.12065366083932773,-0.2643979019831432,-0.32125598350035856,0.05817911741041025,0.8162406781821658,0.9252944753496544,0,0,0
285,79508,2060,2015-08-22,59.54999923706055,56.70000076293945,59.02999877929688,56.86999893188477,5076000.0,48.14236831665039,VTR,Ventas Inc,real_estate,-0.04580536261962676,-0.27318943440703525,-0.21757958754813972,0.5477969202622349,0.8763862191335205,1.345331053920436,0,0,0
286,87330,201,2010-07-20,16.5,15.270000457763672,15.760000228881836,15.9399995803833,10219000.0,12.237433433532715,WY,Weyerhaeuser,real_estate,-0.6189338062961927,-0.6036797837743916,-0.5959442516574593,0.045625236618882514,0.5698835530156391,2.329098253844149,0,0,0
287,87331,202,2010-07-21,16.200000762939453,15.31999969482422,16.200000762939453,15.5,12204800.0,11.899636268615724,WY,Weyerhaeuser,real_estate,-0.027603487576297717,-0.6112365082707749,-0.6070975994869643,0.1943242978765045,2.47804280299792,2.9760229345843108,0,0,0
288,87332,203,2010-07-22,16.219999313354492,15.699999809265135,15.899999618530273,16.110000610351562,8283300.0,12.367945671081545,WY,Weyerhaeuser,real_estate,0.039354878087197516,-0.6035924987131028,-0.5767209661306814,-0.3213080099632931,0.5997103128621089,2.7176518109600107,1,0,0
289,87333,204,2010-07-23,16.649999618530273,16.059999465942386,16.100000381469727,16.629999160766598,6399600.0,12.767160415649414,WY,Weyerhaeuser,real_estate,0.0322779969406648,-0.5893827367711951,-0.5715022269437141,-0.2274093658324581,-0.20353453640323585,1.0108719560094266,1,0,0
290,87334,205,2010-07-24,17.079999923706055,16.569999694824222,16.770000457763672,17.049999237060547,6153300.0,13.089599609375,WY,Weyerhaeuser,real_estate,0.025255568099174168,-0.5923978367028759,-0.5428954534637094,-0.03848678042377651,-0.3703840132608896,0.3288055801498693,1,0,0
291,59550,2724,2017-06-16,22.350000381469727,20.459999084472656,21.190000534057614,22.290000915527344,106360700.0,21.734663009643555,KR,Kroger Co.,consumer_staples,-0.09242665308535014,-0.2758284464497012,-0.2206293490132506,0.3921284267979033,8.500393018561194,11.780665705359285,0,0,0
292,59554,2728,2017-06-20,22.68000030517578,22.26000022888184,22.649999618530273,22.3799991607666,21068700.0,21.822420120239254,KR,Kroger Co.,consumer_staples,-0.011484109359151229,-0.2618733711733189,-0.23565578429190315,-0.4759394868019144,0.9037924584564504,2.46918377764239,0,0,0
293,59555,2729,2017-06-21,22.649999618530273,21.8700008392334,22.399999618530273,22.3700008392334,27637000.0,21.812671661376953,KR,Kroger Co.,consumer_staples,-0.0004467525428120122,-0.261228522722613,-0.2359972570138543,0.3117563020024965,1.5432744071337203,3.5507236831272326,0,0,0
294,67513,1006,2012-10-02,28.479999542236328,27.38999938964844,28.420000076293945,28.01000022888184,31590300.0,25.159141540527344,MDLZ,Mondelez International,consumer_staples,-0.3412511776262803,-0.32277563308663226,-0.33054493004944785,0.28794908592768964,0.5450526017186652,1.5706787536517288,0,0,0
295,67514,1007,2012-10-03,28.290000915527344,27.729999542236328,28.18000030517578,27.82999992370605,37901300.0,24.99746131896973,MDLZ,Mondelez International,consumer_staples,-0.006426287172614398,-0.32566029525035545,-0.3348470405781128,0.1997765136766665,1.4890361390397509,2.084239992838949,0,0,0
296,67515,1008,2012-10-04,28.209999084472656,27.8700008392334,27.8700008392334,28.059999465942386,16878000.0,25.20404815673828,MDLZ,Mondelez International,consumer_staples,0.008264446384005142,-0.3189320644094954,-0.32934991960780824,-0.5546854593378063,0.19501263833131555,0.3734569157030443,1,0,0
297,67516,1009,2012-10-05,28.3700008392334,27.739999771118164,28.25,27.809999465942386,17568000.0,24.979496002197266,MDLZ,Mondelez International,consumer_staples,-0.008909479855957803,-0.32744859752903543,-0.33261337441891536,0.04088162104514748,0.2558618323230013,0.9985211307661679,0,0,0
298,67517,1010,2012-10-06,27.899999618530273,27.479999542236328,27.85000038146973,27.54999923706055,17364000.0,24.74595069885254,MDLZ,Mondelez International,consumer_staples,-0.0093491633899615,-0.3520696392177429,-0.34885373805608033,-0.011612021857923538,-0.29206281902835984,0.2579236001941509,0,0,0
299,70761,1027,2012-10-23,14.866666793823242,13.353333473205565,14.850000381469727,13.693333625793455,57785100.0,13.693333625793455,MNST,Monster Beverage,consumer_staples,-0.10168374928278934,-0.2968161447495431,-0.2448529197528289,-0.11766619026678392,9.54915384194096,7.610890071080513,0,0,0
300,9196,2742,2017-07-04,40.81999969482422,37.25,40.79999923706055,37.25,5883300.0,36.2781982421875,BHGE,"Baker Hughes, a GE Company",energy,-0.3541955651366829,-0.3020423319186957,-0.3193860714131129,0.4264274457510002,1.6794644077059706,2.730691185795815,0,0,0
301,9198,2744,2017-07-06,38.09000015258789,36.52000045776367,38.09000015258789,37.0099983215332,5133800.0,36.0444564819336,BHGE,"Baker Hughes, a GE Company",energy,-0.006442998079645546,-0.3084828474405499,-0.3343525299059238,-0.12739448948719256,0.5586726174211374,0.5900024777006938,0,0,0
302,9199,2745,2017-07-07,38.59000015258789,36.11999893188477,38.13999938964844,37.90999984741211,6086000.0,36.92097854614258,BHGE,"Baker Hughes, a GE Company",energy,0.024317794290610983,-0.3045312600489214,-0.3015843644073277,0.18547664498032645,0.19190771821938468,0.4587727708533078,1,0,0
303,9200,2746,2017-07-08,38.16999816894531,36.79999923706055,37.63000106811523,37.22999954223633,4721500.0,36.25872421264648,BHGE,"Baker Hughes, a GE Company",energy,-0.017937227853146553,-0.3545423137091145,-0.3148693515330569,-0.22420308905685185,0.14474481755364274,0.8034759358288771,0,0,0
304,16718,583,2011-08-06,66.62000274658203,62.56000137329102,64.83999633789061,63.68000030517578,2847700.0,61.24623107910156,XEC,Cimarex Energy,energy,-0.058823575842672726,-0.2621089449210777,-0.2810206557006789,0.02953723788864782,1.9001935023933192,0.4867390623368486,0,0,0
305,32264,3221,2018-10-26,35.34000015258789,32.389999389648445,34.77000045776367,32.549999237060554,11732700.0,32.549999237060554,EQT,EQT Corporation,energy,-0.07894739398644368,-0.2981889071270928,-0.26755174970915485,-0.1386694661420097,5.136670327946022,2.391149777443783,0,0,0
306,32265,3222,2018-10-27,32.860000610351555,30.53000068664551,32.549999237060554,31.0,10305900.0,31.0,EQT,EQT Corporation,energy,-0.04761902529619011,-0.3022732435950778,-0.3066427950170548,-0.12160883684062496,2.575830123868013,2.493643852333977,0,0,0
307,50162,1757,2015-12-04,19.0,16.559999465942386,18.90999984741211,16.819999694824222,153024500.0,15.168405532836914,KMI,Kinder Morgan,energy,-0.12668746132197084,-0.2953498490381952,-0.3726221547974585,1.0758288759897607,19.62519375143207,5.781407736657611,0,0,0
308,50163,1758,2015-12-05,16.59000015258789,15.130000114440918,15.65999984741211,16.420000076293945,137200200.0,14.807682991027832,KMI,Kinder Morgan,energy,-0.023781190593800242,-0.3033517060290991,-0.3662678435741491,-0.10341023822982598,5.4428060915421845,4.964940807178787,0,0,0
309,50166,1761,2015-12-08,16.15999984741211,15.0600004196167,15.289999961853027,15.720000267028807,159174900.0,14.176417350769045,KMI,Kinder Morgan,energy,-0.04263092606654429,-0.2988403116175483,-0.3849765025239911,0.16016521841804887,4.4223010260393245,9.197178677360872,0,0,0
310,53428,2203,2016-01-12,9.760000228881836,8.710000038146973,9.699999809265137,9.1899995803833,25506000.0,8.830361366271973,MRO,Marathon Oil Corp.,energy,-0.04469857695333968,-0.279780610067542,-0.3416905762700008,0.14653289101059966,1.6087756980668917,0.7548832761123687,0,0,0
311,54495,43,2011-08-06,18.0,14.739999771118164,17.6200008392334,16.165000915527347,16543000.0,12.307599067687988,MPC,Marathon Petroleum,energy,-0.13347626263560894,-0.2810762518687517,-0.226184710970478,0.33966603501611514,0.4362237810807057,-0.009851803969451069,0,0,0
312,56140,1688,2016-02-06,31.85000038146973,29.709999084472656,31.85000038146973,30.729999542236328,17273000.0,28.283794403076172,MPC,Marathon Petroleum,energy,-0.048606802845457375,-0.2643045438002951,-0.3596582940728478,0.11225587100845467,1.5888400953223123,1.2837310768823955,0,0,0
313,60949,583,2011-08-06,54.349998474121094,48.0,54.2599983215332,49.31000137329102,4171900.0,49.31000137329102,NFX,Newfield Exploration Co,energy,-0.11217139790313901,-0.2630399241598773,-0.2999716118081014,-0.08462787431981744,1.2084061193160762,2.5878052975576202,0,0,0
314,72212,2165,2015-12-05,23.96999931335449,21.09000015258789,23.96999931335449,21.6200008392334,6363900.0,18.21552276611328,OKE,ONEOK,energy,-0.12822574579256585,-0.26662139840748034,-0.31080649471344624,0.3588785445848992,1.8732222673709875,0.8765923566878981,0,0,0
315,72215,2168,2015-12-08,22.299999237060547,20.90999984741211,21.11000061035156,21.459999084472656,5883400.0,18.08071517944336,OKE,ONEOK,energy,-0.007400635918125896,-0.2653201041734957,-0.3032467657125589,-0.0755040148336712,1.4411435210157255,1.216721299122113,0,0,0
316,85932,583,2011-08-06,17.90676498413086,16.334552764892578,17.605119705200195,16.745885848999027,23414200.0,13.584373474121096,VLO,Valero Energy,energy,-0.11540324733880415,-0.26543709447431274,-0.30395138320332904,0.15911307369765493,0.9419751345702461,1.15398060753252,0,0,0
317,90741,2165,2015-12-05,29.709999084472656,25.6299991607666,29.54999923706055,26.96999931335449,25801400.0,22.49599266052246,WMB,Williams Cos.,energy,-0.13307622037202804,-0.2623085804078367,-0.29490197873583035,0.5571622559522014,3.603775604881879,2.1156971899868373,0,0,0
318,90744,2168,2015-12-08,28.43000030517578,25.520000457763672,26.1200008392334,27.239999771118164,18099100.0,22.721206665039066,WMB,Williams Cos.,energy,0.010011140698471754,-0.2569558132979348,-0.26278757216049475,-0.2985225607912749,1.7837916820474962,2.2520753225284795,1,0,0
319,90776,2200,2016-01-09,20.489999771118164,18.309999465942386,20.309999465942386,18.690000534057614,17667900.0,15.964634895324707,WMB,Williams Cos.,energy,-0.07976361272689003,-0.2877286319708997,-0.3702830073489475,-0.06131654446923818,0.6072393497502888,0.5489733653626976,0,0,0
320,90779,2203,2016-01-12,19.21999931335449,15.1899995803833,18.93000030517578,16.540000915527347,49491600.0,14.128148078918455,WMB,Williams Cos.,energy,-0.1150347542586988,-0.3718191810310011,-0.35314817704611423,1.8012157641825004,2.9930935994771786,4.629611092784913,0,0,0
321,90780,2204,2016-01-13,16.540000915527347,12.770000457763672,16.479999542236328,13.609999656677244,52053600.0,11.62539768218994,WMB,Williams Cos.,energy,-0.1771463782749546,-0.4056768609871821,-0.4677356347629473,0.051766360352059726,2.0704110704110703,4.921035569255969,0,0,0
322,90804,2228,2016-02-06,15.0,10.220000267028807,14.93000030517578,11.15999984741211,62368000.0,9.532655715942383,WMB,Williams Cos.,energy,-0.3481308819893825,-0.4279856629170469,-0.4585153072820921,4.433699250740546,3.422603725686245,3.9693241757366176,0,0,0
323,90807,2231,2016-02-09,12.149999618530273,11.0,11.260000228881836,11.979999542236328,27000300.0,10.233081817626953,WMB,Williams Cos.,energy,0.07347667616808873,-0.35901555912714245,-0.35901555912714245,-0.5670808748075936,1.567080881164491,0.5282121814137504,1,0,0
324,90808,2232,2016-02-10,13.779999732971193,11.289999961853027,11.5600004196167,12.850000381469727,18373600.0,10.976221084594727,WMB,Williams Cos.,energy,0.07262110788620224,-0.30200975078899583,-0.3124665588931377,-0.3195038573645478,0.1910413898162253,0.03994249458056709,1,0,0
325,90809,2233,2016-02-11,13.979999542236328,11.760000228881836,12.079999923706055,13.289999961853027,16261500.0,11.35206127166748,WMB,Williams Cos.,energy,0.03424121146469372,-0.29120000203450525,-0.19649339623816453,-0.11495297600905653,0.4119562386038032,-0.6714290909972601,1,0,0
